endpoint_id,species,sex,organ,endpoint,endpoint_class,count_source,dose_ppm,x0,n0,x1,n1,p0_obs,p1_obs,effect_direction,degenerate_obs,table_key,combo_label,source,case_id,kept_for_sim,exclusion_reason
RF_EYE_CORDEG,rat,Female,Eye,Degeneration: cornea,non_neoplastic,"Table 2 (selected non-neoplastic lesions, female)",300,5,50,16,50,0.1,0.32,increase,FALSE,5_50_16_50,"Female rat – Eye – Degeneration: cornea [non_neoplastic], 0 vs 300 ppm: 5/50 vs 16/50 (increase)","Furukawa et al. 2024, Table 2 (selected non-neoplastic lesions, female).",39,TRUE,kept
RF_EYE_CORDEG,rat,Female,Eye,Degeneration: cornea,non_neoplastic,"Table 2 (selected non-neoplastic lesions, female)",1000,5,50,11,50,0.1,0.22,increase,FALSE,5_50_11_50,"Female rat – Eye – Degeneration: cornea [non_neoplastic], 0 vs 1000 ppm: 5/50 vs 11/50 (increase)","Furukawa et al. 2024, Table 2 (selected non-neoplastic lesions, female).",38,TRUE,kept
RF_EYE_CORDEG,rat,Female,Eye,Degeneration: cornea,non_neoplastic,"Table 2 (selected non-neoplastic lesions, female)",3000,5,50,0,50,0.1,0,decrease,FALSE,5_50_0_50,"Female rat – Eye – Degeneration: cornea [non_neoplastic], 0 vs 3000 ppm: 5/50 vs 0/50 (decrease)","Furukawa et al. 2024, Table 2 (selected non-neoplastic lesions, female).",37,TRUE,kept
RF_EYE_KER,rat,Female,Eye,Keratitis,non_neoplastic,"Table 2 (selected non-neoplastic lesions, female)",300,1,50,12,50,0.02,0.24,increase,FALSE,1_50_12_50,"Female rat – Eye – Keratitis [non_neoplastic], 0 vs 300 ppm: 1/50 vs 12/50 (increase)","Furukawa et al. 2024, Table 2 (selected non-neoplastic lesions, female).",27,TRUE,kept
RF_EYE_KER,rat,Female,Eye,Keratitis,non_neoplastic,"Table 2 (selected non-neoplastic lesions, female)",1000,1,50,12,50,0.02,0.24,increase,FALSE,1_50_12_50,"Female rat – Eye – Keratitis [non_neoplastic], 0 vs 1000 ppm: 1/50 vs 12/50 (increase)","Furukawa et al. 2024, Table 2 (selected non-neoplastic lesions, female).",27,TRUE,exact_duplicate_2x2_collapsed
RF_EYE_KER,rat,Female,Eye,Keratitis,non_neoplastic,"Table 2 (selected non-neoplastic lesions, female)",3000,1,50,5,50,0.02,0.1,increase,FALSE,1_50_5_50,"Female rat – Eye – Keratitis [non_neoplastic], 0 vs 3000 ppm: 1/50 vs 5/50 (increase)","Furukawa et al. 2024, Table 2 (selected non-neoplastic lesions, female).",30,TRUE,kept
RF_LAR_SQCAR,rat,Female,Larynx,Squamous cell carcinoma,neoplastic,"Table 1 (neoplastic lesions, female)",300,0,50,0,50,0,0,same,TRUE,0_50_0_50,"Female rat – Larynx – Squamous cell carcinoma [neoplastic], 0 vs 300 ppm: 0/50 vs 0/50 (same)","Furukawa et al. 2024, Table 1 (neoplastic lesions, female).",NA,FALSE,observed_degenerate_all0_or_all1
RF_LAR_SQCAR,rat,Female,Larynx,Squamous cell carcinoma,neoplastic,"Table 1 (neoplastic lesions, female)",1000,0,50,0,50,0,0,same,TRUE,0_50_0_50,"Female rat – Larynx – Squamous cell carcinoma [neoplastic], 0 vs 1000 ppm: 0/50 vs 0/50 (same)","Furukawa et al. 2024, Table 1 (neoplastic lesions, female).",NA,FALSE,observed_degenerate_all0_or_all1
RF_LAR_SQCAR,rat,Female,Larynx,Squamous cell carcinoma,neoplastic,"Table 1 (neoplastic lesions, female)",3000,0,50,0,50,0,0,same,TRUE,0_50_0_50,"Female rat – Larynx – Squamous cell carcinoma [neoplastic], 0 vs 3000 ppm: 0/50 vs 0/50 (same)","Furukawa et al. 2024, Table 1 (neoplastic lesions, female).",NA,FALSE,observed_degenerate_all0_or_all1
RF_LAR_SQHYP,rat,Female,Larynx,Squamous cell hyperplasia,non_neoplastic,"Table 2 (selected non-neoplastic lesions, female)",300,0,50,0,50,0,0,same,TRUE,0_50_0_50,"Female rat – Larynx – Squamous cell hyperplasia [non_neoplastic], 0 vs 300 ppm: 0/50 vs 0/50 (same)","Furukawa et al. 2024, Table 2 (selected non-neoplastic lesions, female).",NA,FALSE,observed_degenerate_all0_or_all1
RF_LAR_SQHYP,rat,Female,Larynx,Squamous cell hyperplasia,non_neoplastic,"Table 2 (selected non-neoplastic lesions, female)",1000,0,50,0,50,0,0,same,TRUE,0_50_0_50,"Female rat – Larynx – Squamous cell hyperplasia [non_neoplastic], 0 vs 1000 ppm: 0/50 vs 0/50 (same)","Furukawa et al. 2024, Table 2 (selected non-neoplastic lesions, female).",NA,FALSE,observed_degenerate_all0_or_all1
RF_LAR_SQHYP,rat,Female,Larynx,Squamous cell hyperplasia,non_neoplastic,"Table 2 (selected non-neoplastic lesions, female)",3000,0,50,8,50,0,0.16,increase,FALSE,0_50_8_50,"Female rat – Larynx – Squamous cell hyperplasia [non_neoplastic], 0 vs 3000 ppm: 0/50 vs 8/50 (increase)","Furukawa et al. 2024, Table 2 (selected non-neoplastic lesions, female).",24,TRUE,exact_duplicate_2x2_collapsed
RF_LNG_EDEMA,rat,Female,Lung,Edema,non_neoplastic,"Table 2 (selected non-neoplastic lesions, female)",300,1,50,1,50,0.02,0.02,same,FALSE,1_50_1_50,"Female rat – Lung – Edema [non_neoplastic], 0 vs 300 ppm: 1/50 vs 1/50 (same)","Furukawa et al. 2024, Table 2 (selected non-neoplastic lesions, female).",28,TRUE,exact_duplicate_2x2_collapsed
RF_LNG_EDEMA,rat,Female,Lung,Edema,non_neoplastic,"Table 2 (selected non-neoplastic lesions, female)",1000,1,50,2,50,0.02,0.04,increase,FALSE,1_50_2_50,"Female rat – Lung – Edema [non_neoplastic], 0 vs 1000 ppm: 1/50 vs 2/50 (increase)","Furukawa et al. 2024, Table 2 (selected non-neoplastic lesions, female).",29,TRUE,kept
RF_LNG_EDEMA,rat,Female,Lung,Edema,non_neoplastic,"Table 2 (selected non-neoplastic lesions, female)",3000,1,50,11,50,0.02,0.22,increase,FALSE,1_50_11_50,"Female rat – Lung – Edema [non_neoplastic], 0 vs 3000 ppm: 1/50 vs 11/50 (increase)","Furukawa et al. 2024, Table 2 (selected non-neoplastic lesions, female).",26,TRUE,kept
RF_LNG_FBI,rat,Female,Lung,Inflammation with foreign body,non_neoplastic,"Table 2 (selected non-neoplastic lesions, female)",300,0,50,0,50,0,0,same,TRUE,0_50_0_50,"Female rat – Lung – Inflammation with foreign body [non_neoplastic], 0 vs 300 ppm: 0/50 vs 0/50 (same)","Furukawa et al. 2024, Table 2 (selected non-neoplastic lesions, female).",NA,FALSE,observed_degenerate_all0_or_all1
RF_LNG_FBI,rat,Female,Lung,Inflammation with foreign body,non_neoplastic,"Table 2 (selected non-neoplastic lesions, female)",1000,0,50,0,50,0,0,same,TRUE,0_50_0_50,"Female rat – Lung – Inflammation with foreign body [non_neoplastic], 0 vs 1000 ppm: 0/50 vs 0/50 (same)","Furukawa et al. 2024, Table 2 (selected non-neoplastic lesions, female).",NA,FALSE,observed_degenerate_all0_or_all1
RF_LNG_FBI,rat,Female,Lung,Inflammation with foreign body,non_neoplastic,"Table 2 (selected non-neoplastic lesions, female)",3000,0,50,3,50,0,0.06,increase,FALSE,0_50_3_50,"Female rat – Lung – Inflammation with foreign body [non_neoplastic], 0 vs 3000 ppm: 0/50 vs 3/50 (increase)","Furukawa et al. 2024, Table 2 (selected non-neoplastic lesions, female).",17,TRUE,exact_duplicate_2x2_collapsed
RF_NAS_ADSQCAR,rat,Female,Nasal cavity,Adenosquamous carcinoma,neoplastic,"Table 1 (neoplastic lesions, female)",300,0,50,0,50,0,0,same,TRUE,0_50_0_50,"Female rat – Nasal cavity – Adenosquamous carcinoma [neoplastic], 0 vs 300 ppm: 0/50 vs 0/50 (same)","Furukawa et al. 2024, Table 1 (neoplastic lesions, female).",NA,FALSE,observed_degenerate_all0_or_all1
RF_NAS_ADSQCAR,rat,Female,Nasal cavity,Adenosquamous carcinoma,neoplastic,"Table 1 (neoplastic lesions, female)",1000,0,50,0,50,0,0,same,TRUE,0_50_0_50,"Female rat – Nasal cavity – Adenosquamous carcinoma [neoplastic], 0 vs 1000 ppm: 0/50 vs 0/50 (same)","Furukawa et al. 2024, Table 1 (neoplastic lesions, female).",NA,FALSE,observed_degenerate_all0_or_all1
RF_NAS_ADSQCAR,rat,Female,Nasal cavity,Adenosquamous carcinoma,neoplastic,"Table 1 (neoplastic lesions, female)",3000,0,50,0,50,0,0,same,TRUE,0_50_0_50,"Female rat – Nasal cavity – Adenosquamous carcinoma [neoplastic], 0 vs 3000 ppm: 0/50 vs 0/50 (same)","Furukawa et al. 2024, Table 1 (neoplastic lesions, female).",NA,FALSE,observed_degenerate_all0_or_all1
RF_NAS_ADH_TURB,rat,Female,Nasal cavity,Adhesion: turbinate,non_neoplastic,"Table 2 (selected non-neoplastic lesions, female)",300,0,50,0,50,0,0,same,TRUE,0_50_0_50,"Female rat – Nasal cavity – Adhesion: turbinate [non_neoplastic], 0 vs 300 ppm: 0/50 vs 0/50 (same)","Furukawa et al. 2024, Table 2 (selected non-neoplastic lesions, female).",NA,FALSE,observed_degenerate_all0_or_all1
RF_NAS_ADH_TURB,rat,Female,Nasal cavity,Adhesion: turbinate,non_neoplastic,"Table 2 (selected non-neoplastic lesions, female)",1000,0,50,0,50,0,0,same,TRUE,0_50_0_50,"Female rat – Nasal cavity – Adhesion: turbinate [non_neoplastic], 0 vs 1000 ppm: 0/50 vs 0/50 (same)","Furukawa et al. 2024, Table 2 (selected non-neoplastic lesions, female).",NA,FALSE,observed_degenerate_all0_or_all1
RF_NAS_ADH_TURB,rat,Female,Nasal cavity,Adhesion: turbinate,non_neoplastic,"Table 2 (selected non-neoplastic lesions, female)",3000,0,50,9,50,0,0.18,increase,FALSE,0_50_9_50,"Female rat – Nasal cavity – Adhesion: turbinate [non_neoplastic], 0 vs 3000 ppm: 0/50 vs 9/50 (increase)","Furukawa et al. 2024, Table 2 (selected non-neoplastic lesions, female).",25,TRUE,exact_duplicate_2x2_collapsed
RF_NAS_ATR_OE,rat,Female,Nasal cavity,Atrophy: olfactory epithelium,non_neoplastic,"Table 2 (selected non-neoplastic lesions, female)",300,0,50,2,50,0,0.04,increase,FALSE,0_50_2_50,"Female rat – Nasal cavity – Atrophy: olfactory epithelium [non_neoplastic], 0 vs 300 ppm: 0/50 vs 2/50 (increase)","Furukawa et al. 2024, Table 2 (selected non-neoplastic lesions, female).",11,TRUE,exact_duplicate_2x2_collapsed
RF_NAS_ATR_OE,rat,Female,Nasal cavity,Atrophy: olfactory epithelium,non_neoplastic,"Table 2 (selected non-neoplastic lesions, female)",1000,0,50,44,50,0,0.88,increase,FALSE,0_50_44_50,"Female rat – Nasal cavity – Atrophy: olfactory epithelium [non_neoplastic], 0 vs 1000 ppm: 0/50 vs 44/50 (increase)","Furukawa et al. 2024, Table 2 (selected non-neoplastic lesions, female).",19,TRUE,kept
RF_NAS_ATR_OE,rat,Female,Nasal cavity,Atrophy: olfactory epithelium,non_neoplastic,"Table 2 (selected non-neoplastic lesions, female)",3000,0,50,39,50,0,0.78,increase,FALSE,0_50_39_50,"Female rat – Nasal cavity – Atrophy: olfactory epithelium [non_neoplastic], 0 vs 3000 ppm: 0/50 vs 39/50 (increase)","Furukawa et al. 2024, Table 2 (selected non-neoplastic lesions, female).",16,TRUE,exact_duplicate_2x2_collapsed
RF_NAS_BCHYP_OE,rat,Female,Nasal cavity,Basal cell hyperplasia: olfactory epithelium,non_neoplastic,"Table 2 (selected non-neoplastic lesions, female)",300,0,50,0,50,0,0,same,TRUE,0_50_0_50,"Female rat – Nasal cavity – Basal cell hyperplasia: olfactory epithelium [non_neoplastic], 0 vs 300 ppm: 0/50 vs 0/50 (same)","Furukawa et al. 2024, Table 2 (selected non-neoplastic lesions, female).",NA,FALSE,observed_degenerate_all0_or_all1
RF_NAS_BCHYP_OE,rat,Female,Nasal cavity,Basal cell hyperplasia: olfactory epithelium,non_neoplastic,"Table 2 (selected non-neoplastic lesions, female)",1000,0,50,3,50,0,0.06,increase,FALSE,0_50_3_50,"Female rat – Nasal cavity – Basal cell hyperplasia: olfactory epithelium [non_neoplastic], 0 vs 1000 ppm: 0/50 vs 3/50 (increase)","Furukawa et al. 2024, Table 2 (selected non-neoplastic lesions, female).",17,TRUE,exact_duplicate_2x2_collapsed
RF_NAS_BCHYP_OE,rat,Female,Nasal cavity,Basal cell hyperplasia: olfactory epithelium,non_neoplastic,"Table 2 (selected non-neoplastic lesions, female)",3000,0,50,36,50,0,0.72,increase,FALSE,0_50_36_50,"Female rat – Nasal cavity – Basal cell hyperplasia: olfactory epithelium [non_neoplastic], 0 vs 3000 ppm: 0/50 vs 36/50 (increase)","Furukawa et al. 2024, Table 2 (selected non-neoplastic lesions, female).",15,TRUE,kept
RF_NAS_CARCSAR,rat,Female,Nasal cavity,Carcinosarcoma,neoplastic,"Table 1 (neoplastic lesions, female)",300,0,50,0,50,0,0,same,TRUE,0_50_0_50,"Female rat – Nasal cavity – Carcinosarcoma [neoplastic], 0 vs 300 ppm: 0/50 vs 0/50 (same)","Furukawa et al. 2024, Table 1 (neoplastic lesions, female).",NA,FALSE,observed_degenerate_all0_or_all1
RF_NAS_CARCSAR,rat,Female,Nasal cavity,Carcinosarcoma,neoplastic,"Table 1 (neoplastic lesions, female)",1000,0,50,0,50,0,0,same,TRUE,0_50_0_50,"Female rat – Nasal cavity – Carcinosarcoma [neoplastic], 0 vs 1000 ppm: 0/50 vs 0/50 (same)","Furukawa et al. 2024, Table 1 (neoplastic lesions, female).",NA,FALSE,observed_degenerate_all0_or_all1
RF_NAS_CARCSAR,rat,Female,Nasal cavity,Carcinosarcoma,neoplastic,"Table 1 (neoplastic lesions, female)",3000,0,50,0,50,0,0,same,TRUE,0_50_0_50,"Female rat – Nasal cavity – Carcinosarcoma [neoplastic], 0 vs 3000 ppm: 0/50 vs 0/50 (same)","Furukawa et al. 2024, Table 1 (neoplastic lesions, female).",NA,FALSE,observed_degenerate_all0_or_all1
RF_NAS_COMB_AB,rat,Female,Nasal cavity,Combined nasal tumors (A + B),neoplastic,"Table 1 (neoplastic lesions, female)",300,0,50,0,50,0,0,same,TRUE,0_50_0_50,"Female rat – Nasal cavity – Combined nasal tumors (A + B) [neoplastic], 0 vs 300 ppm: 0/50 vs 0/50 (same)","Furukawa et al. 2024, Table 1 (neoplastic lesions, female).",NA,FALSE,observed_degenerate_all0_or_all1
RF_NAS_COMB_AB,rat,Female,Nasal cavity,Combined nasal tumors (A + B),neoplastic,"Table 1 (neoplastic lesions, female)",1000,0,50,0,50,0,0,same,TRUE,0_50_0_50,"Female rat – Nasal cavity – Combined nasal tumors (A + B) [neoplastic], 0 vs 1000 ppm: 0/50 vs 0/50 (same)","Furukawa et al. 2024, Table 1 (neoplastic lesions, female).",NA,FALSE,observed_degenerate_all0_or_all1
RF_NAS_COMB_AB,rat,Female,Nasal cavity,Combined nasal tumors (A + B),neoplastic,"Table 1 (neoplastic lesions, female)",3000,0,50,9,50,0,0.18,increase,FALSE,0_50_9_50,"Female rat – Nasal cavity – Combined nasal tumors (A + B) [neoplastic], 0 vs 3000 ppm: 0/50 vs 9/50 (increase)","Furukawa et al. 2024, Table 1 (neoplastic lesions, female).",25,TRUE,kept
RF_NAS_HYP_TRANS,rat,Female,Nasal cavity,Hyperplasia: transitional epithelium,non_neoplastic,"Table 2 (selected non-neoplastic lesions, female)",300,0,50,0,50,0,0,same,TRUE,0_50_0_50,"Female rat – Nasal cavity – Hyperplasia: transitional epithelium [non_neoplastic], 0 vs 300 ppm: 0/50 vs 0/50 (same)","Furukawa et al. 2024, Table 2 (selected non-neoplastic lesions, female).",NA,FALSE,observed_degenerate_all0_or_all1
RF_NAS_HYP_TRANS,rat,Female,Nasal cavity,Hyperplasia: transitional epithelium,non_neoplastic,"Table 2 (selected non-neoplastic lesions, female)",1000,0,50,0,50,0,0,same,TRUE,0_50_0_50,"Female rat – Nasal cavity – Hyperplasia: transitional epithelium [non_neoplastic], 0 vs 1000 ppm: 0/50 vs 0/50 (same)","Furukawa et al. 2024, Table 2 (selected non-neoplastic lesions, female).",NA,FALSE,observed_degenerate_all0_or_all1
RF_NAS_HYP_TRANS,rat,Female,Nasal cavity,Hyperplasia: transitional epithelium,non_neoplastic,"Table 2 (selected non-neoplastic lesions, female)",3000,0,50,2,50,0,0.04,increase,FALSE,0_50_2_50,"Female rat – Nasal cavity – Hyperplasia: transitional epithelium [non_neoplastic], 0 vs 3000 ppm: 0/50 vs 2/50 (increase)","Furukawa et al. 2024, Table 2 (selected non-neoplastic lesions, female).",11,TRUE,exact_duplicate_2x2_collapsed
RF_NAS_RHINITIS,rat,Female,Nasal cavity,Rhinitis,non_neoplastic,"Table 2 (selected non-neoplastic lesions, female)",300,0,50,0,50,0,0,same,TRUE,0_50_0_50,"Female rat – Nasal cavity – Rhinitis [non_neoplastic], 0 vs 300 ppm: 0/50 vs 0/50 (same)","Furukawa et al. 2024, Table 2 (selected non-neoplastic lesions, female).",NA,FALSE,observed_degenerate_all0_or_all1
RF_NAS_RHINITIS,rat,Female,Nasal cavity,Rhinitis,non_neoplastic,"Table 2 (selected non-neoplastic lesions, female)",1000,0,50,16,50,0,0.32,increase,FALSE,0_50_16_50,"Female rat – Nasal cavity – Rhinitis [non_neoplastic], 0 vs 1000 ppm: 0/50 vs 16/50 (increase)","Furukawa et al. 2024, Table 2 (selected non-neoplastic lesions, female).",4,TRUE,exact_duplicate_2x2_collapsed
RF_NAS_RHINITIS,rat,Female,Nasal cavity,Rhinitis,non_neoplastic,"Table 2 (selected non-neoplastic lesions, female)",3000,0,50,47,50,0,0.94,increase,FALSE,0_50_47_50,"Female rat – Nasal cavity – Rhinitis [non_neoplastic], 0 vs 3000 ppm: 0/50 vs 47/50 (increase)","Furukawa et al. 2024, Table 2 (selected non-neoplastic lesions, female).",20,TRUE,kept
RF_NAS_SARCNOS,rat,Female,Nasal cavity,Sarcoma NOS,neoplastic,"Table 1 (neoplastic lesions, female)",300,0,50,0,50,0,0,same,TRUE,0_50_0_50,"Female rat – Nasal cavity – Sarcoma NOS [neoplastic], 0 vs 300 ppm: 0/50 vs 0/50 (same)","Furukawa et al. 2024, Table 1 (neoplastic lesions, female).",NA,FALSE,observed_degenerate_all0_or_all1
RF_NAS_SARCNOS,rat,Female,Nasal cavity,Sarcoma NOS,neoplastic,"Table 1 (neoplastic lesions, female)",1000,0,50,0,50,0,0,same,TRUE,0_50_0_50,"Female rat – Nasal cavity – Sarcoma NOS [neoplastic], 0 vs 1000 ppm: 0/50 vs 0/50 (same)","Furukawa et al. 2024, Table 1 (neoplastic lesions, female).",NA,FALSE,observed_degenerate_all0_or_all1
RF_NAS_SARCNOS,rat,Female,Nasal cavity,Sarcoma NOS,neoplastic,"Table 1 (neoplastic lesions, female)",3000,0,50,0,50,0,0,same,TRUE,0_50_0_50,"Female rat – Nasal cavity – Sarcoma NOS [neoplastic], 0 vs 3000 ppm: 0/50 vs 0/50 (same)","Furukawa et al. 2024, Table 1 (neoplastic lesions, female).",NA,FALSE,observed_degenerate_all0_or_all1
RF_NAS_SQCAR,rat,Female,Nasal cavity,Squamous cell carcinoma,neoplastic,"Table 1 (neoplastic lesions, female)",300,0,50,0,50,0,0,same,TRUE,0_50_0_50,"Female rat – Nasal cavity – Squamous cell carcinoma [neoplastic], 0 vs 300 ppm: 0/50 vs 0/50 (same)","Furukawa et al. 2024, Table 1 (neoplastic lesions, female).",NA,FALSE,observed_degenerate_all0_or_all1
RF_NAS_SQCAR,rat,Female,Nasal cavity,Squamous cell carcinoma,neoplastic,"Table 1 (neoplastic lesions, female)",1000,0,50,0,50,0,0,same,TRUE,0_50_0_50,"Female rat – Nasal cavity – Squamous cell carcinoma [neoplastic], 0 vs 1000 ppm: 0/50 vs 0/50 (same)","Furukawa et al. 2024, Table 1 (neoplastic lesions, female).",NA,FALSE,observed_degenerate_all0_or_all1
RF_NAS_SQCAR,rat,Female,Nasal cavity,Squamous cell carcinoma,neoplastic,"Table 1 (neoplastic lesions, female)",3000,0,50,8,50,0,0.16,increase,FALSE,0_50_8_50,"Female rat – Nasal cavity – Squamous cell carcinoma [neoplastic], 0 vs 3000 ppm: 0/50 vs 8/50 (increase)","Furukawa et al. 2024, Table 1 (neoplastic lesions, female).",24,TRUE,kept
RF_NAS_SQHYP_RE,rat,Female,Nasal cavity,Squamous cell hyperplasia: respiratory epithelium,non_neoplastic,"Table 2 (selected non-neoplastic lesions, female)",300,0,50,0,50,0,0,same,TRUE,0_50_0_50,"Female rat – Nasal cavity – Squamous cell hyperplasia: respiratory epithelium [non_neoplastic], 0 vs 300 ppm: 0/50 vs 0/50 (same)","Furukawa et al. 2024, Table 2 (selected non-neoplastic lesions, female).",NA,FALSE,observed_degenerate_all0_or_all1
RF_NAS_SQHYP_RE,rat,Female,Nasal cavity,Squamous cell hyperplasia: respiratory epithelium,non_neoplastic,"Table 2 (selected non-neoplastic lesions, female)",1000,0,50,0,50,0,0,same,TRUE,0_50_0_50,"Female rat – Nasal cavity – Squamous cell hyperplasia: respiratory epithelium [non_neoplastic], 0 vs 1000 ppm: 0/50 vs 0/50 (same)","Furukawa et al. 2024, Table 2 (selected non-neoplastic lesions, female).",NA,FALSE,observed_degenerate_all0_or_all1
RF_NAS_SQHYP_RE,rat,Female,Nasal cavity,Squamous cell hyperplasia: respiratory epithelium,non_neoplastic,"Table 2 (selected non-neoplastic lesions, female)",3000,0,50,16,50,0,0.32,increase,FALSE,0_50_16_50,"Female rat – Nasal cavity – Squamous cell hyperplasia: respiratory epithelium [non_neoplastic], 0 vs 3000 ppm: 0/50 vs 16/50 (increase)","Furukawa et al. 2024, Table 2 (selected non-neoplastic lesions, female).",4,TRUE,kept
RF_NAS_SQMETA_RE,rat,Female,Nasal cavity,Squamous cell metaplasia: respiratory epithelium,non_neoplastic,"Table 2 (selected non-neoplastic lesions, female)",300,0,50,2,50,0,0.04,increase,FALSE,0_50_2_50,"Female rat – Nasal cavity – Squamous cell metaplasia: respiratory epithelium [non_neoplastic], 0 vs 300 ppm: 0/50 vs 2/50 (increase)","Furukawa et al. 2024, Table 2 (selected non-neoplastic lesions, female).",11,TRUE,exact_duplicate_2x2_collapsed
RF_NAS_SQMETA_RE,rat,Female,Nasal cavity,Squamous cell metaplasia: respiratory epithelium,non_neoplastic,"Table 2 (selected non-neoplastic lesions, female)",1000,0,50,28,50,0,0.56,increase,FALSE,0_50_28_50,"Female rat – Nasal cavity – Squamous cell metaplasia: respiratory epithelium [non_neoplastic], 0 vs 1000 ppm: 0/50 vs 28/50 (increase)","Furukawa et al. 2024, Table 2 (selected non-neoplastic lesions, female).",10,TRUE,kept
RF_NAS_SQMETA_RE,rat,Female,Nasal cavity,Squamous cell metaplasia: respiratory epithelium,non_neoplastic,"Table 2 (selected non-neoplastic lesions, female)",3000,0,50,48,50,0,0.96,increase,FALSE,0_50_48_50,"Female rat – Nasal cavity – Squamous cell metaplasia: respiratory epithelium [non_neoplastic], 0 vs 3000 ppm: 0/50 vs 48/50 (increase)","Furukawa et al. 2024, Table 2 (selected non-neoplastic lesions, female).",21,TRUE,kept
RF_NAS_SQPAP,rat,Female,Nasal cavity,Squamous cell papilloma,neoplastic,"Table 1 (neoplastic lesions, female)",300,0,50,0,50,0,0,same,TRUE,0_50_0_50,"Female rat – Nasal cavity – Squamous cell papilloma [neoplastic], 0 vs 300 ppm: 0/50 vs 0/50 (same)","Furukawa et al. 2024, Table 1 (neoplastic lesions, female).",NA,FALSE,observed_degenerate_all0_or_all1
RF_NAS_SQPAP,rat,Female,Nasal cavity,Squamous cell papilloma,neoplastic,"Table 1 (neoplastic lesions, female)",1000,0,50,0,50,0,0,same,TRUE,0_50_0_50,"Female rat – Nasal cavity – Squamous cell papilloma [neoplastic], 0 vs 1000 ppm: 0/50 vs 0/50 (same)","Furukawa et al. 2024, Table 1 (neoplastic lesions, female).",NA,FALSE,observed_degenerate_all0_or_all1
RF_NAS_SQPAP,rat,Female,Nasal cavity,Squamous cell papilloma,neoplastic,"Table 1 (neoplastic lesions, female)",3000,0,50,1,50,0,0.02,increase,FALSE,0_50_1_50,"Female rat – Nasal cavity – Squamous cell papilloma [neoplastic], 0 vs 3000 ppm: 0/50 vs 1/50 (increase)","Furukawa et al. 2024, Table 1 (neoplastic lesions, female).",7,TRUE,exact_duplicate_2x2_collapsed
RF_TRA_SQHYP,rat,Female,Trachea,Squamous cell hyperplasia,non_neoplastic,"Table 2 (selected non-neoplastic lesions, female)",300,0,50,0,50,0,0,same,TRUE,0_50_0_50,"Female rat – Trachea – Squamous cell hyperplasia [non_neoplastic], 0 vs 300 ppm: 0/50 vs 0/50 (same)","Furukawa et al. 2024, Table 2 (selected non-neoplastic lesions, female).",NA,FALSE,observed_degenerate_all0_or_all1
RF_TRA_SQHYP,rat,Female,Trachea,Squamous cell hyperplasia,non_neoplastic,"Table 2 (selected non-neoplastic lesions, female)",1000,0,50,0,50,0,0,same,TRUE,0_50_0_50,"Female rat – Trachea – Squamous cell hyperplasia [non_neoplastic], 0 vs 1000 ppm: 0/50 vs 0/50 (same)","Furukawa et al. 2024, Table 2 (selected non-neoplastic lesions, female).",NA,FALSE,observed_degenerate_all0_or_all1
RF_TRA_SQHYP,rat,Female,Trachea,Squamous cell hyperplasia,non_neoplastic,"Table 2 (selected non-neoplastic lesions, female)",3000,0,50,2,50,0,0.04,increase,FALSE,0_50_2_50,"Female rat – Trachea – Squamous cell hyperplasia [non_neoplastic], 0 vs 3000 ppm: 0/50 vs 2/50 (increase)","Furukawa et al. 2024, Table 2 (selected non-neoplastic lesions, female).",11,TRUE,exact_duplicate_2x2_collapsed
RF_TRA_SQMETA,rat,Female,Trachea,Squamous cell metaplasia,non_neoplastic,"Table 2 (selected non-neoplastic lesions, female)",300,0,50,0,50,0,0,same,TRUE,0_50_0_50,"Female rat – Trachea – Squamous cell metaplasia [non_neoplastic], 0 vs 300 ppm: 0/50 vs 0/50 (same)","Furukawa et al. 2024, Table 2 (selected non-neoplastic lesions, female).",NA,FALSE,observed_degenerate_all0_or_all1
RF_TRA_SQMETA,rat,Female,Trachea,Squamous cell metaplasia,non_neoplastic,"Table 2 (selected non-neoplastic lesions, female)",1000,0,50,0,50,0,0,same,TRUE,0_50_0_50,"Female rat – Trachea – Squamous cell metaplasia [non_neoplastic], 0 vs 1000 ppm: 0/50 vs 0/50 (same)","Furukawa et al. 2024, Table 2 (selected non-neoplastic lesions, female).",NA,FALSE,observed_degenerate_all0_or_all1
RF_TRA_SQMETA,rat,Female,Trachea,Squamous cell metaplasia,non_neoplastic,"Table 2 (selected non-neoplastic lesions, female)",3000,0,50,3,50,0,0.06,increase,FALSE,0_50_3_50,"Female rat – Trachea – Squamous cell metaplasia [non_neoplastic], 0 vs 3000 ppm: 0/50 vs 3/50 (increase)","Furukawa et al. 2024, Table 2 (selected non-neoplastic lesions, female).",17,TRUE,exact_duplicate_2x2_collapsed
RF_SURV,rat,Female,Whole animal,Terminal survival (alive at end of study),survival,"Results text (terminal survival counts, female)",300,33,50,39,50,0.66,0.78,increase,FALSE,33_50_39_50,"Female rat – Whole animal – Terminal survival (alive at end of study) [survival], 0 vs 300 ppm: 33/50 vs 39/50 (increase)","Furukawa et al. 2024, Results text (terminal survival counts, female).",36,TRUE,kept
RF_SURV,rat,Female,Whole animal,Terminal survival (alive at end of study),survival,"Results text (terminal survival counts, female)",1000,33,50,38,50,0.66,0.76,increase,FALSE,33_50_38_50,"Female rat – Whole animal – Terminal survival (alive at end of study) [survival], 0 vs 1000 ppm: 33/50 vs 38/50 (increase)","Furukawa et al. 2024, Results text (terminal survival counts, female).",35,TRUE,kept
RF_SURV,rat,Female,Whole animal,Terminal survival (alive at end of study),survival,"Results text (terminal survival counts, female)",3000,33,50,22,50,0.66,0.44,decrease,FALSE,33_50_22_50,"Female rat – Whole animal – Terminal survival (alive at end of study) [survival], 0 vs 3000 ppm: 33/50 vs 22/50 (decrease)","Furukawa et al. 2024, Results text (terminal survival counts, female).",34,TRUE,kept
RM_EYE_CORDEG,rat,Male,Eye,Degeneration: cornea,non_neoplastic,"Table 2 (selected non-neoplastic lesions, male)",300,0,50,18,50,0,0.36,increase,FALSE,0_50_18_50,"Male rat – Eye – Degeneration: cornea [non_neoplastic], 0 vs 300 ppm: 0/50 vs 18/50 (increase)","Furukawa et al. 2024, Table 2 (selected non-neoplastic lesions, male).",5,TRUE,kept
RM_EYE_CORDEG,rat,Male,Eye,Degeneration: cornea,non_neoplastic,"Table 2 (selected non-neoplastic lesions, male)",1000,0,50,2,50,0,0.04,increase,FALSE,0_50_2_50,"Male rat – Eye – Degeneration: cornea [non_neoplastic], 0 vs 1000 ppm: 0/50 vs 2/50 (increase)","Furukawa et al. 2024, Table 2 (selected non-neoplastic lesions, male).",11,TRUE,exact_duplicate_2x2_collapsed
RM_EYE_CORDEG,rat,Male,Eye,Degeneration: cornea,non_neoplastic,"Table 2 (selected non-neoplastic lesions, male)",3000,0,50,0,50,0,0,same,TRUE,0_50_0_50,"Male rat – Eye – Degeneration: cornea [non_neoplastic], 0 vs 3000 ppm: 0/50 vs 0/50 (same)","Furukawa et al. 2024, Table 2 (selected non-neoplastic lesions, male).",NA,FALSE,observed_degenerate_all0_or_all1
RM_EYE_KER,rat,Male,Eye,Keratitis,non_neoplastic,"Table 2 (selected non-neoplastic lesions, male)",300,0,50,6,50,0,0.12,increase,FALSE,0_50_6_50,"Male rat – Eye – Keratitis [non_neoplastic], 0 vs 300 ppm: 0/50 vs 6/50 (increase)","Furukawa et al. 2024, Table 2 (selected non-neoplastic lesions, male).",23,TRUE,kept
RM_EYE_KER,rat,Male,Eye,Keratitis,non_neoplastic,"Table 2 (selected non-neoplastic lesions, male)",1000,0,50,22,50,0,0.44,increase,FALSE,0_50_22_50,"Male rat – Eye – Keratitis [non_neoplastic], 0 vs 1000 ppm: 0/50 vs 22/50 (increase)","Furukawa et al. 2024, Table 2 (selected non-neoplastic lesions, male).",9,TRUE,exact_duplicate_2x2_collapsed
RM_EYE_KER,rat,Male,Eye,Keratitis,non_neoplastic,"Table 2 (selected non-neoplastic lesions, male)",3000,0,50,22,50,0,0.44,increase,FALSE,0_50_22_50,"Male rat – Eye – Keratitis [non_neoplastic], 0 vs 3000 ppm: 0/50 vs 22/50 (increase)","Furukawa et al. 2024, Table 2 (selected non-neoplastic lesions, male).",9,TRUE,exact_duplicate_2x2_collapsed
RM_LAR_SQCAR,rat,Male,Larynx,Squamous cell carcinoma,neoplastic,"Table 1 (neoplastic lesions, male)",300,0,50,0,50,0,0,same,TRUE,0_50_0_50,"Male rat – Larynx – Squamous cell carcinoma [neoplastic], 0 vs 300 ppm: 0/50 vs 0/50 (same)","Furukawa et al. 2024, Table 1 (neoplastic lesions, male).",NA,FALSE,observed_degenerate_all0_or_all1
RM_LAR_SQCAR,rat,Male,Larynx,Squamous cell carcinoma,neoplastic,"Table 1 (neoplastic lesions, male)",1000,0,50,0,50,0,0,same,TRUE,0_50_0_50,"Male rat – Larynx – Squamous cell carcinoma [neoplastic], 0 vs 1000 ppm: 0/50 vs 0/50 (same)","Furukawa et al. 2024, Table 1 (neoplastic lesions, male).",NA,FALSE,observed_degenerate_all0_or_all1
RM_LAR_SQCAR,rat,Male,Larynx,Squamous cell carcinoma,neoplastic,"Table 1 (neoplastic lesions, male)",3000,0,50,1,50,0,0.02,increase,FALSE,0_50_1_50,"Male rat – Larynx – Squamous cell carcinoma [neoplastic], 0 vs 3000 ppm: 0/50 vs 1/50 (increase)","Furukawa et al. 2024, Table 1 (neoplastic lesions, male).",7,TRUE,exact_duplicate_2x2_collapsed
RM_LAR_SQHYP,rat,Male,Larynx,Squamous cell hyperplasia,non_neoplastic,"Table 2 (selected non-neoplastic lesions, male)",300,0,50,0,50,0,0,same,TRUE,0_50_0_50,"Male rat – Larynx – Squamous cell hyperplasia [non_neoplastic], 0 vs 300 ppm: 0/50 vs 0/50 (same)","Furukawa et al. 2024, Table 2 (selected non-neoplastic lesions, male).",NA,FALSE,observed_degenerate_all0_or_all1
RM_LAR_SQHYP,rat,Male,Larynx,Squamous cell hyperplasia,non_neoplastic,"Table 2 (selected non-neoplastic lesions, male)",1000,0,50,0,50,0,0,same,TRUE,0_50_0_50,"Male rat – Larynx – Squamous cell hyperplasia [non_neoplastic], 0 vs 1000 ppm: 0/50 vs 0/50 (same)","Furukawa et al. 2024, Table 2 (selected non-neoplastic lesions, male).",NA,FALSE,observed_degenerate_all0_or_all1
RM_LAR_SQHYP,rat,Male,Larynx,Squamous cell hyperplasia,non_neoplastic,"Table 2 (selected non-neoplastic lesions, male)",3000,0,50,10,50,0,0.2,increase,FALSE,0_50_10_50,"Male rat – Larynx – Squamous cell hyperplasia [non_neoplastic], 0 vs 3000 ppm: 0/50 vs 10/50 (increase)","Furukawa et al. 2024, Table 2 (selected non-neoplastic lesions, male).",1,TRUE,kept
RM_LNG_EDEMA,rat,Male,Lung,Edema,non_neoplastic,"Table 2 (selected non-neoplastic lesions, male)",300,1,50,1,50,0.02,0.02,same,FALSE,1_50_1_50,"Male rat – Lung – Edema [non_neoplastic], 0 vs 300 ppm: 1/50 vs 1/50 (same)","Furukawa et al. 2024, Table 2 (selected non-neoplastic lesions, male).",28,TRUE,kept
RM_LNG_EDEMA,rat,Male,Lung,Edema,non_neoplastic,"Table 2 (selected non-neoplastic lesions, male)",1000,1,50,1,50,0.02,0.02,same,FALSE,1_50_1_50,"Male rat – Lung – Edema [non_neoplastic], 0 vs 1000 ppm: 1/50 vs 1/50 (same)","Furukawa et al. 2024, Table 2 (selected non-neoplastic lesions, male).",28,TRUE,exact_duplicate_2x2_collapsed
RM_LNG_EDEMA,rat,Male,Lung,Edema,non_neoplastic,"Table 2 (selected non-neoplastic lesions, male)",3000,1,50,1,50,0.02,0.02,same,FALSE,1_50_1_50,"Male rat – Lung – Edema [non_neoplastic], 0 vs 3000 ppm: 1/50 vs 1/50 (same)","Furukawa et al. 2024, Table 2 (selected non-neoplastic lesions, male).",28,TRUE,exact_duplicate_2x2_collapsed
RM_LNG_FBI,rat,Male,Lung,Inflammation with foreign body,non_neoplastic,"Table 2 (selected non-neoplastic lesions, male)",300,0,50,0,50,0,0,same,TRUE,0_50_0_50,"Male rat – Lung – Inflammation with foreign body [non_neoplastic], 0 vs 300 ppm: 0/50 vs 0/50 (same)","Furukawa et al. 2024, Table 2 (selected non-neoplastic lesions, male).",NA,FALSE,observed_degenerate_all0_or_all1
RM_LNG_FBI,rat,Male,Lung,Inflammation with foreign body,non_neoplastic,"Table 2 (selected non-neoplastic lesions, male)",1000,0,50,1,50,0,0.02,increase,FALSE,0_50_1_50,"Male rat – Lung – Inflammation with foreign body [non_neoplastic], 0 vs 1000 ppm: 0/50 vs 1/50 (increase)","Furukawa et al. 2024, Table 2 (selected non-neoplastic lesions, male).",7,TRUE,exact_duplicate_2x2_collapsed
RM_LNG_FBI,rat,Male,Lung,Inflammation with foreign body,non_neoplastic,"Table 2 (selected non-neoplastic lesions, male)",3000,0,50,15,50,0,0.3,increase,FALSE,0_50_15_50,"Male rat – Lung – Inflammation with foreign body [non_neoplastic], 0 vs 3000 ppm: 0/50 vs 15/50 (increase)","Furukawa et al. 2024, Table 2 (selected non-neoplastic lesions, male).",3,TRUE,kept
RM_NAS_ADSQCAR,rat,Male,Nasal cavity,Adenosquamous carcinoma,neoplastic,"Table 1 (neoplastic lesions, male)",300,0,50,0,50,0,0,same,TRUE,0_50_0_50,"Male rat – Nasal cavity – Adenosquamous carcinoma [neoplastic], 0 vs 300 ppm: 0/50 vs 0/50 (same)","Furukawa et al. 2024, Table 1 (neoplastic lesions, male).",NA,FALSE,observed_degenerate_all0_or_all1
RM_NAS_ADSQCAR,rat,Male,Nasal cavity,Adenosquamous carcinoma,neoplastic,"Table 1 (neoplastic lesions, male)",1000,0,50,0,50,0,0,same,TRUE,0_50_0_50,"Male rat – Nasal cavity – Adenosquamous carcinoma [neoplastic], 0 vs 1000 ppm: 0/50 vs 0/50 (same)","Furukawa et al. 2024, Table 1 (neoplastic lesions, male).",NA,FALSE,observed_degenerate_all0_or_all1
RM_NAS_ADSQCAR,rat,Male,Nasal cavity,Adenosquamous carcinoma,neoplastic,"Table 1 (neoplastic lesions, male)",3000,0,50,1,50,0,0.02,increase,FALSE,0_50_1_50,"Male rat – Nasal cavity – Adenosquamous carcinoma [neoplastic], 0 vs 3000 ppm: 0/50 vs 1/50 (increase)","Furukawa et al. 2024, Table 1 (neoplastic lesions, male).",7,TRUE,kept
RM_NAS_ADH_TURB,rat,Male,Nasal cavity,Adhesion: turbinate,non_neoplastic,"Table 2 (selected non-neoplastic lesions, male)",300,0,50,0,50,0,0,same,TRUE,0_50_0_50,"Male rat – Nasal cavity – Adhesion: turbinate [non_neoplastic], 0 vs 300 ppm: 0/50 vs 0/50 (same)","Furukawa et al. 2024, Table 2 (selected non-neoplastic lesions, male).",NA,FALSE,observed_degenerate_all0_or_all1
RM_NAS_ADH_TURB,rat,Male,Nasal cavity,Adhesion: turbinate,non_neoplastic,"Table 2 (selected non-neoplastic lesions, male)",1000,0,50,1,50,0,0.02,increase,FALSE,0_50_1_50,"Male rat – Nasal cavity – Adhesion: turbinate [non_neoplastic], 0 vs 1000 ppm: 0/50 vs 1/50 (increase)","Furukawa et al. 2024, Table 2 (selected non-neoplastic lesions, male).",7,TRUE,exact_duplicate_2x2_collapsed
RM_NAS_ADH_TURB,rat,Male,Nasal cavity,Adhesion: turbinate,non_neoplastic,"Table 2 (selected non-neoplastic lesions, male)",3000,0,50,13,50,0,0.26,increase,FALSE,0_50_13_50,"Male rat – Nasal cavity – Adhesion: turbinate [non_neoplastic], 0 vs 3000 ppm: 0/50 vs 13/50 (increase)","Furukawa et al. 2024, Table 2 (selected non-neoplastic lesions, male).",2,TRUE,kept
RM_NAS_ATR_OE,rat,Male,Nasal cavity,Atrophy: olfactory epithelium,non_neoplastic,"Table 2 (selected non-neoplastic lesions, male)",300,0,50,0,50,0,0,same,TRUE,0_50_0_50,"Male rat – Nasal cavity – Atrophy: olfactory epithelium [non_neoplastic], 0 vs 300 ppm: 0/50 vs 0/50 (same)","Furukawa et al. 2024, Table 2 (selected non-neoplastic lesions, male).",NA,FALSE,observed_degenerate_all0_or_all1
RM_NAS_ATR_OE,rat,Male,Nasal cavity,Atrophy: olfactory epithelium,non_neoplastic,"Table 2 (selected non-neoplastic lesions, male)",1000,0,50,43,50,0,0.86,increase,FALSE,0_50_43_50,"Male rat – Nasal cavity – Atrophy: olfactory epithelium [non_neoplastic], 0 vs 1000 ppm: 0/50 vs 43/50 (increase)","Furukawa et al. 2024, Table 2 (selected non-neoplastic lesions, male).",18,TRUE,kept
RM_NAS_ATR_OE,rat,Male,Nasal cavity,Atrophy: olfactory epithelium,non_neoplastic,"Table 2 (selected non-neoplastic lesions, male)",3000,0,50,39,50,0,0.78,increase,FALSE,0_50_39_50,"Male rat – Nasal cavity – Atrophy: olfactory epithelium [non_neoplastic], 0 vs 3000 ppm: 0/50 vs 39/50 (increase)","Furukawa et al. 2024, Table 2 (selected non-neoplastic lesions, male).",16,TRUE,kept
RM_NAS_BCHYP_OE,rat,Male,Nasal cavity,Basal cell hyperplasia: olfactory epithelium,non_neoplastic,"Table 2 (selected non-neoplastic lesions, male)",300,0,50,0,50,0,0,same,TRUE,0_50_0_50,"Male rat – Nasal cavity – Basal cell hyperplasia: olfactory epithelium [non_neoplastic], 0 vs 300 ppm: 0/50 vs 0/50 (same)","Furukawa et al. 2024, Table 2 (selected non-neoplastic lesions, male).",NA,FALSE,observed_degenerate_all0_or_all1
RM_NAS_BCHYP_OE,rat,Male,Nasal cavity,Basal cell hyperplasia: olfactory epithelium,non_neoplastic,"Table 2 (selected non-neoplastic lesions, male)",1000,0,50,32,50,0,0.64,increase,FALSE,0_50_32_50,"Male rat – Nasal cavity – Basal cell hyperplasia: olfactory epithelium [non_neoplastic], 0 vs 1000 ppm: 0/50 vs 32/50 (increase)","Furukawa et al. 2024, Table 2 (selected non-neoplastic lesions, male).",13,TRUE,kept
RM_NAS_BCHYP_OE,rat,Male,Nasal cavity,Basal cell hyperplasia: olfactory epithelium,non_neoplastic,"Table 2 (selected non-neoplastic lesions, male)",3000,0,50,35,50,0,0.7,increase,FALSE,0_50_35_50,"Male rat – Nasal cavity – Basal cell hyperplasia: olfactory epithelium [non_neoplastic], 0 vs 3000 ppm: 0/50 vs 35/50 (increase)","Furukawa et al. 2024, Table 2 (selected non-neoplastic lesions, male).",14,TRUE,exact_duplicate_2x2_collapsed
RM_NAS_CARCSAR,rat,Male,Nasal cavity,Carcinosarcoma,neoplastic,"Table 1 (neoplastic lesions, male)",300,0,50,0,50,0,0,same,TRUE,0_50_0_50,"Male rat – Nasal cavity – Carcinosarcoma [neoplastic], 0 vs 300 ppm: 0/50 vs 0/50 (same)","Furukawa et al. 2024, Table 1 (neoplastic lesions, male).",NA,FALSE,observed_degenerate_all0_or_all1
RM_NAS_CARCSAR,rat,Male,Nasal cavity,Carcinosarcoma,neoplastic,"Table 1 (neoplastic lesions, male)",1000,0,50,0,50,0,0,same,TRUE,0_50_0_50,"Male rat – Nasal cavity – Carcinosarcoma [neoplastic], 0 vs 1000 ppm: 0/50 vs 0/50 (same)","Furukawa et al. 2024, Table 1 (neoplastic lesions, male).",NA,FALSE,observed_degenerate_all0_or_all1
RM_NAS_CARCSAR,rat,Male,Nasal cavity,Carcinosarcoma,neoplastic,"Table 1 (neoplastic lesions, male)",3000,0,50,1,50,0,0.02,increase,FALSE,0_50_1_50,"Male rat – Nasal cavity – Carcinosarcoma [neoplastic], 0 vs 3000 ppm: 0/50 vs 1/50 (increase)","Furukawa et al. 2024, Table 1 (neoplastic lesions, male).",7,TRUE,exact_duplicate_2x2_collapsed
RM_NAS_COMB_BCD,rat,Male,Nasal cavity,Combined nasal tumors (B + C + D),neoplastic,"Table 1 (neoplastic lesions, male)",300,0,50,0,50,0,0,same,TRUE,0_50_0_50,"Male rat – Nasal cavity – Combined nasal tumors (B + C + D) [neoplastic], 0 vs 300 ppm: 0/50 vs 0/50 (same)","Furukawa et al. 2024, Table 1 (neoplastic lesions, male).",NA,FALSE,observed_degenerate_all0_or_all1
RM_NAS_COMB_BCD,rat,Male,Nasal cavity,Combined nasal tumors (B + C + D),neoplastic,"Table 1 (neoplastic lesions, male)",1000,0,50,0,50,0,0,same,TRUE,0_50_0_50,"Male rat – Nasal cavity – Combined nasal tumors (B + C + D) [neoplastic], 0 vs 1000 ppm: 0/50 vs 0/50 (same)","Furukawa et al. 2024, Table 1 (neoplastic lesions, male).",NA,FALSE,observed_degenerate_all0_or_all1
RM_NAS_COMB_BCD,rat,Male,Nasal cavity,Combined nasal tumors (B + C + D),neoplastic,"Table 1 (neoplastic lesions, male)",3000,0,50,21,50,0,0.42,increase,FALSE,0_50_21_50,"Male rat – Nasal cavity – Combined nasal tumors (B + C + D) [neoplastic], 0 vs 3000 ppm: 0/50 vs 21/50 (increase)","Furukawa et al. 2024, Table 1 (neoplastic lesions, male).",8,TRUE,kept
RM_NAS_HYP_TRANS,rat,Male,Nasal cavity,Hyperplasia: transitional epithelium,non_neoplastic,"Table 2 (selected non-neoplastic lesions, male)",300,0,50,0,50,0,0,same,TRUE,0_50_0_50,"Male rat – Nasal cavity – Hyperplasia: transitional epithelium [non_neoplastic], 0 vs 300 ppm: 0/50 vs 0/50 (same)","Furukawa et al. 2024, Table 2 (selected non-neoplastic lesions, male).",NA,FALSE,observed_degenerate_all0_or_all1
RM_NAS_HYP_TRANS,rat,Male,Nasal cavity,Hyperplasia: transitional epithelium,non_neoplastic,"Table 2 (selected non-neoplastic lesions, male)",1000,0,50,0,50,0,0,same,TRUE,0_50_0_50,"Male rat – Nasal cavity – Hyperplasia: transitional epithelium [non_neoplastic], 0 vs 1000 ppm: 0/50 vs 0/50 (same)","Furukawa et al. 2024, Table 2 (selected non-neoplastic lesions, male).",NA,FALSE,observed_degenerate_all0_or_all1
RM_NAS_HYP_TRANS,rat,Male,Nasal cavity,Hyperplasia: transitional epithelium,non_neoplastic,"Table 2 (selected non-neoplastic lesions, male)",3000,0,50,0,50,0,0,same,TRUE,0_50_0_50,"Male rat – Nasal cavity – Hyperplasia: transitional epithelium [non_neoplastic], 0 vs 3000 ppm: 0/50 vs 0/50 (same)","Furukawa et al. 2024, Table 2 (selected non-neoplastic lesions, male).",NA,FALSE,observed_degenerate_all0_or_all1
RM_NAS_RHINITIS,rat,Male,Nasal cavity,Rhinitis,non_neoplastic,"Table 2 (selected non-neoplastic lesions, male)",300,0,50,0,50,0,0,same,TRUE,0_50_0_50,"Male rat – Nasal cavity – Rhinitis [non_neoplastic], 0 vs 300 ppm: 0/50 vs 0/50 (same)","Furukawa et al. 2024, Table 2 (selected non-neoplastic lesions, male).",NA,FALSE,observed_degenerate_all0_or_all1
RM_NAS_RHINITIS,rat,Male,Nasal cavity,Rhinitis,non_neoplastic,"Table 2 (selected non-neoplastic lesions, male)",1000,0,50,35,50,0,0.7,increase,FALSE,0_50_35_50,"Male rat – Nasal cavity – Rhinitis [non_neoplastic], 0 vs 1000 ppm: 0/50 vs 35/50 (increase)","Furukawa et al. 2024, Table 2 (selected non-neoplastic lesions, male).",14,TRUE,kept
RM_NAS_RHINITIS,rat,Male,Nasal cavity,Rhinitis,non_neoplastic,"Table 2 (selected non-neoplastic lesions, male)",3000,0,50,49,50,0,0.98,increase,FALSE,0_50_49_50,"Male rat – Nasal cavity – Rhinitis [non_neoplastic], 0 vs 3000 ppm: 0/50 vs 49/50 (increase)","Furukawa et al. 2024, Table 2 (selected non-neoplastic lesions, male).",22,TRUE,exact_duplicate_2x2_collapsed
RM_NAS_SARCNOS,rat,Male,Nasal cavity,Sarcoma NOS,neoplastic,"Table 1 (neoplastic lesions, male)",300,0,50,0,50,0,0,same,TRUE,0_50_0_50,"Male rat – Nasal cavity – Sarcoma NOS [neoplastic], 0 vs 300 ppm: 0/50 vs 0/50 (same)","Furukawa et al. 2024, Table 1 (neoplastic lesions, male).",NA,FALSE,observed_degenerate_all0_or_all1
RM_NAS_SARCNOS,rat,Male,Nasal cavity,Sarcoma NOS,neoplastic,"Table 1 (neoplastic lesions, male)",1000,0,50,0,50,0,0,same,TRUE,0_50_0_50,"Male rat – Nasal cavity – Sarcoma NOS [neoplastic], 0 vs 1000 ppm: 0/50 vs 0/50 (same)","Furukawa et al. 2024, Table 1 (neoplastic lesions, male).",NA,FALSE,observed_degenerate_all0_or_all1
RM_NAS_SARCNOS,rat,Male,Nasal cavity,Sarcoma NOS,neoplastic,"Table 1 (neoplastic lesions, male)",3000,0,50,1,50,0,0.02,increase,FALSE,0_50_1_50,"Male rat – Nasal cavity – Sarcoma NOS [neoplastic], 0 vs 3000 ppm: 0/50 vs 1/50 (increase)","Furukawa et al. 2024, Table 1 (neoplastic lesions, male).",7,TRUE,exact_duplicate_2x2_collapsed
RM_NAS_SQCAR,rat,Male,Nasal cavity,Squamous cell carcinoma,neoplastic,"Table 1 (neoplastic lesions, male)",300,0,50,0,50,0,0,same,TRUE,0_50_0_50,"Male rat – Nasal cavity – Squamous cell carcinoma [neoplastic], 0 vs 300 ppm: 0/50 vs 0/50 (same)","Furukawa et al. 2024, Table 1 (neoplastic lesions, male).",NA,FALSE,observed_degenerate_all0_or_all1
RM_NAS_SQCAR,rat,Male,Nasal cavity,Squamous cell carcinoma,neoplastic,"Table 1 (neoplastic lesions, male)",1000,0,50,0,50,0,0,same,TRUE,0_50_0_50,"Male rat – Nasal cavity – Squamous cell carcinoma [neoplastic], 0 vs 1000 ppm: 0/50 vs 0/50 (same)","Furukawa et al. 2024, Table 1 (neoplastic lesions, male).",NA,FALSE,observed_degenerate_all0_or_all1
RM_NAS_SQCAR,rat,Male,Nasal cavity,Squamous cell carcinoma,neoplastic,"Table 1 (neoplastic lesions, male)",3000,0,50,19,50,0,0.38,increase,FALSE,0_50_19_50,"Male rat – Nasal cavity – Squamous cell carcinoma [neoplastic], 0 vs 3000 ppm: 0/50 vs 19/50 (increase)","Furukawa et al. 2024, Table 1 (neoplastic lesions, male).",6,TRUE,kept
RM_NAS_SQHYP_RE,rat,Male,Nasal cavity,Squamous cell hyperplasia: respiratory epithelium,non_neoplastic,"Table 2 (selected non-neoplastic lesions, male)",300,0,50,0,50,0,0,same,TRUE,0_50_0_50,"Male rat – Nasal cavity – Squamous cell hyperplasia: respiratory epithelium [non_neoplastic], 0 vs 300 ppm: 0/50 vs 0/50 (same)","Furukawa et al. 2024, Table 2 (selected non-neoplastic lesions, male).",NA,FALSE,observed_degenerate_all0_or_all1
RM_NAS_SQHYP_RE,rat,Male,Nasal cavity,Squamous cell hyperplasia: respiratory epithelium,non_neoplastic,"Table 2 (selected non-neoplastic lesions, male)",1000,0,50,0,50,0,0,same,TRUE,0_50_0_50,"Male rat – Nasal cavity – Squamous cell hyperplasia: respiratory epithelium [non_neoplastic], 0 vs 1000 ppm: 0/50 vs 0/50 (same)","Furukawa et al. 2024, Table 2 (selected non-neoplastic lesions, male).",NA,FALSE,observed_degenerate_all0_or_all1
RM_NAS_SQHYP_RE,rat,Male,Nasal cavity,Squamous cell hyperplasia: respiratory epithelium,non_neoplastic,"Table 2 (selected non-neoplastic lesions, male)",3000,0,50,30,50,0,0.6,increase,FALSE,0_50_30_50,"Male rat – Nasal cavity – Squamous cell hyperplasia: respiratory epithelium [non_neoplastic], 0 vs 3000 ppm: 0/50 vs 30/50 (increase)","Furukawa et al. 2024, Table 2 (selected non-neoplastic lesions, male).",12,TRUE,kept
RM_NAS_SQMETA_RE,rat,Male,Nasal cavity,Squamous cell metaplasia: respiratory epithelium,non_neoplastic,"Table 2 (selected non-neoplastic lesions, male)",300,0,50,3,50,0,0.06,increase,FALSE,0_50_3_50,"Male rat – Nasal cavity – Squamous cell metaplasia: respiratory epithelium [non_neoplastic], 0 vs 300 ppm: 0/50 vs 3/50 (increase)","Furukawa et al. 2024, Table 2 (selected non-neoplastic lesions, male).",17,TRUE,kept
RM_NAS_SQMETA_RE,rat,Male,Nasal cavity,Squamous cell metaplasia: respiratory epithelium,non_neoplastic,"Table 2 (selected non-neoplastic lesions, male)",1000,0,50,22,50,0,0.44,increase,FALSE,0_50_22_50,"Male rat – Nasal cavity – Squamous cell metaplasia: respiratory epithelium [non_neoplastic], 0 vs 1000 ppm: 0/50 vs 22/50 (increase)","Furukawa et al. 2024, Table 2 (selected non-neoplastic lesions, male).",9,TRUE,kept
RM_NAS_SQMETA_RE,rat,Male,Nasal cavity,Squamous cell metaplasia: respiratory epithelium,non_neoplastic,"Table 2 (selected non-neoplastic lesions, male)",3000,0,50,49,50,0,0.98,increase,FALSE,0_50_49_50,"Male rat – Nasal cavity – Squamous cell metaplasia: respiratory epithelium [non_neoplastic], 0 vs 3000 ppm: 0/50 vs 49/50 (increase)","Furukawa et al. 2024, Table 2 (selected non-neoplastic lesions, male).",22,TRUE,kept
RM_NAS_SQPAP,rat,Male,Nasal cavity,Squamous cell papilloma,neoplastic,"Table 1 (neoplastic lesions, male)",300,0,50,0,50,0,0,same,TRUE,0_50_0_50,"Male rat – Nasal cavity – Squamous cell papilloma [neoplastic], 0 vs 300 ppm: 0/50 vs 0/50 (same)","Furukawa et al. 2024, Table 1 (neoplastic lesions, male).",NA,FALSE,observed_degenerate_all0_or_all1
RM_NAS_SQPAP,rat,Male,Nasal cavity,Squamous cell papilloma,neoplastic,"Table 1 (neoplastic lesions, male)",1000,0,50,0,50,0,0,same,TRUE,0_50_0_50,"Male rat – Nasal cavity – Squamous cell papilloma [neoplastic], 0 vs 1000 ppm: 0/50 vs 0/50 (same)","Furukawa et al. 2024, Table 1 (neoplastic lesions, male).",NA,FALSE,observed_degenerate_all0_or_all1
RM_NAS_SQPAP,rat,Male,Nasal cavity,Squamous cell papilloma,neoplastic,"Table 1 (neoplastic lesions, male)",3000,0,50,0,50,0,0,same,TRUE,0_50_0_50,"Male rat – Nasal cavity – Squamous cell papilloma [neoplastic], 0 vs 3000 ppm: 0/50 vs 0/50 (same)","Furukawa et al. 2024, Table 1 (neoplastic lesions, male).",NA,FALSE,observed_degenerate_all0_or_all1
RM_TRA_SQHYP,rat,Male,Trachea,Squamous cell hyperplasia,non_neoplastic,"Table 2 (selected non-neoplastic lesions, male)",300,0,50,0,50,0,0,same,TRUE,0_50_0_50,"Male rat – Trachea – Squamous cell hyperplasia [non_neoplastic], 0 vs 300 ppm: 0/50 vs 0/50 (same)","Furukawa et al. 2024, Table 2 (selected non-neoplastic lesions, male).",NA,FALSE,observed_degenerate_all0_or_all1
RM_TRA_SQHYP,rat,Male,Trachea,Squamous cell hyperplasia,non_neoplastic,"Table 2 (selected non-neoplastic lesions, male)",1000,0,50,0,50,0,0,same,TRUE,0_50_0_50,"Male rat – Trachea – Squamous cell hyperplasia [non_neoplastic], 0 vs 1000 ppm: 0/50 vs 0/50 (same)","Furukawa et al. 2024, Table 2 (selected non-neoplastic lesions, male).",NA,FALSE,observed_degenerate_all0_or_all1
RM_TRA_SQHYP,rat,Male,Trachea,Squamous cell hyperplasia,non_neoplastic,"Table 2 (selected non-neoplastic lesions, male)",3000,0,50,2,50,0,0.04,increase,FALSE,0_50_2_50,"Male rat – Trachea – Squamous cell hyperplasia [non_neoplastic], 0 vs 3000 ppm: 0/50 vs 2/50 (increase)","Furukawa et al. 2024, Table 2 (selected non-neoplastic lesions, male).",11,TRUE,kept
RM_TRA_SQMETA,rat,Male,Trachea,Squamous cell metaplasia,non_neoplastic,"Table 2 (selected non-neoplastic lesions, male)",300,0,50,0,50,0,0,same,TRUE,0_50_0_50,"Male rat – Trachea – Squamous cell metaplasia [non_neoplastic], 0 vs 300 ppm: 0/50 vs 0/50 (same)","Furukawa et al. 2024, Table 2 (selected non-neoplastic lesions, male).",NA,FALSE,observed_degenerate_all0_or_all1
RM_TRA_SQMETA,rat,Male,Trachea,Squamous cell metaplasia,non_neoplastic,"Table 2 (selected non-neoplastic lesions, male)",1000,0,50,0,50,0,0,same,TRUE,0_50_0_50,"Male rat – Trachea – Squamous cell metaplasia [non_neoplastic], 0 vs 1000 ppm: 0/50 vs 0/50 (same)","Furukawa et al. 2024, Table 2 (selected non-neoplastic lesions, male).",NA,FALSE,observed_degenerate_all0_or_all1
RM_TRA_SQMETA,rat,Male,Trachea,Squamous cell metaplasia,non_neoplastic,"Table 2 (selected non-neoplastic lesions, male)",3000,0,50,0,50,0,0,same,TRUE,0_50_0_50,"Male rat – Trachea – Squamous cell metaplasia [non_neoplastic], 0 vs 3000 ppm: 0/50 vs 0/50 (same)","Furukawa et al. 2024, Table 2 (selected non-neoplastic lesions, male).",NA,FALSE,observed_degenerate_all0_or_all1
RM_SURV,rat,Male,Whole animal,Terminal survival (alive at end of study),survival,"Results text (terminal survival counts, male)",300,32,50,36,50,0.64,0.72,increase,FALSE,32_50_36_50,"Male rat – Whole animal – Terminal survival (alive at end of study) [survival], 0 vs 300 ppm: 32/50 vs 36/50 (increase)","Furukawa et al. 2024, Results text (terminal survival counts, male).",33,TRUE,kept
RM_SURV,rat,Male,Whole animal,Terminal survival (alive at end of study),survival,"Results text (terminal survival counts, male)",1000,32,50,34,50,0.64,0.68,increase,FALSE,32_50_34_50,"Male rat – Whole animal – Terminal survival (alive at end of study) [survival], 0 vs 1000 ppm: 32/50 vs 34/50 (increase)","Furukawa et al. 2024, Results text (terminal survival counts, male).",32,TRUE,kept
RM_SURV,rat,Male,Whole animal,Terminal survival (alive at end of study),survival,"Results text (terminal survival counts, male)",3000,32,50,31,50,0.64,0.62,decrease,FALSE,32_50_31_50,"Male rat – Whole animal – Terminal survival (alive at end of study) [survival], 0 vs 3000 ppm: 32/50 vs 31/50 (decrease)","Furukawa et al. 2024, Results text (terminal survival counts, male).",31,TRUE,kept
