case_id,rank,test,label,combo_brief,combo_members,n_raw_combinations,dose_ppm_levels,species_sex_set,organs,endpoints,endpoint_classes,source,x0,n0,x1,n1,p0,p1,p_pool,omega_cal,n_perm_target,n_bootei_target,saved_n,saved_frac,power_target,alpha,R_power,B_power,MC_per_n,max_n_grid,reached_perm,reached_bootei,shrink_chi2,omega_cap
1,1,chisq,Observed unique 2x2: 0 ppm 0/50 vs dose 10/50 (dose levels represented: {3000}),"Male rat – Larynx – Squamous cell hyperplasia [non_neoplastic], 0 vs 3000 ppm: 0/50 vs 10/50 (increase)","Male rat – Larynx – Squamous cell hyperplasia [non_neoplastic], 0 vs 3000 ppm: 0/50 vs 10/50 (increase)",1,3000,Male rat,Larynx,Squamous cell hyperplasia,non_neoplastic,"Furukawa et al. 2024, Table 2 (selected non-neoplastic lesions, male).",0,50,10,50,0,0.2,0.1,3.1136386984854334,134,134,0,0,0.8,0.05,500,100,100,2000,TRUE,TRUE,0.3,200
2,2,chisq,Observed unique 2x2: 0 ppm 0/50 vs dose 13/50 (dose levels represented: {3000}),"Male rat – Nasal cavity – Adhesion: turbinate [non_neoplastic], 0 vs 3000 ppm: 0/50 vs 13/50 (increase)","Male rat – Nasal cavity – Adhesion: turbinate [non_neoplastic], 0 vs 3000 ppm: 0/50 vs 13/50 (increase)",1,3000,Male rat,Nasal cavity,Adhesion: turbinate,non_neoplastic,"Furukawa et al. 2024, Table 2 (selected non-neoplastic lesions, male).",0,50,13,50,0,0.26,0.13,3.418406500287699,114,114,0,0,0.8,0.05,500,100,100,2000,TRUE,TRUE,0.3,200
3,3,chisq,Observed unique 2x2: 0 ppm 0/50 vs dose 15/50 (dose levels represented: {3000}),"Male rat – Lung – Inflammation with foreign body [non_neoplastic], 0 vs 3000 ppm: 0/50 vs 15/50 (increase)","Male rat – Lung – Inflammation with foreign body [non_neoplastic], 0 vs 3000 ppm: 0/50 vs 15/50 (increase)",1,3000,Male rat,Lung,Inflammation with foreign body,non_neoplastic,"Furukawa et al. 2024, Table 2 (selected non-neoplastic lesions, male).",0,50,15,50,0,0.3,0.15,3.598756450436425,72,72,0,0,0.8,0.05,500,100,100,2000,TRUE,TRUE,0.3,200
4,4,chisq,"Observed unique 2x2: 0 ppm 0/50 vs dose 16/50 (dose levels represented: {1000,3000})","Collapses 2 identical study combinations: Female rat – Nasal cavity – Squamous cell hyperplasia: respiratory epithelium [non_neoplastic], 0 vs 3000 ppm: 0/50 vs 16/50 (increase) || Female rat – Nasal cavity – Rhinitis [non_neoplastic], 0 vs 1000 ppm: 0/50 vs 16/50 (increase)","Female rat – Nasal cavity – Squamous cell hyperplasia: respiratory epithelium [non_neoplastic], 0 vs 3000 ppm: 0/50 vs 16/50 (increase) || Female rat – Nasal cavity – Rhinitis [non_neoplastic], 0 vs 1000 ppm: 0/50 vs 16/50 (increase)",2,"1000,3000",Female rat,Nasal cavity,Squamous cell hyperplasia: respiratory epithelium | Rhinitis,non_neoplastic,"Furukawa et al. 2024, Table 2 (selected non-neoplastic lesions, female).",0,50,16,50,0,0.32,0.16,3.686296459069384,74,74,0,0,0.8,0.05,500,100,100,2000,TRUE,TRUE,0.3,200
5,5,chisq,Observed unique 2x2: 0 ppm 0/50 vs dose 18/50 (dose levels represented: {300}),"Male rat – Eye – Degeneration: cornea [non_neoplastic], 0 vs 300 ppm: 0/50 vs 18/50 (increase)","Male rat – Eye – Degeneration: cornea [non_neoplastic], 0 vs 300 ppm: 0/50 vs 18/50 (increase)",1,300,Male rat,Eye,Degeneration: cornea,non_neoplastic,"Furukawa et al. 2024, Table 2 (selected non-neoplastic lesions, male).",0,50,18,50,0,0.36,0.18,3.8603454414156397,66,66,0,0,0.8,0.05,500,100,100,2000,TRUE,TRUE,0.3,200
6,6,chisq,Observed unique 2x2: 0 ppm 0/50 vs dose 19/50 (dose levels represented: {3000}),"Male rat – Nasal cavity – Squamous cell carcinoma [neoplastic], 0 vs 3000 ppm: 0/50 vs 19/50 (increase)","Male rat – Nasal cavity – Squamous cell carcinoma [neoplastic], 0 vs 3000 ppm: 0/50 vs 19/50 (increase)",1,3000,Male rat,Nasal cavity,Squamous cell carcinoma,neoplastic,"Furukawa et al. 2024, Table 1 (neoplastic lesions, male).",0,50,19,50,0,0.38,0.19,3.9481414696234496,62,62,0,0,0.8,0.05,500,100,100,2000,TRUE,TRUE,0.3,200
7,7,chisq,"Observed unique 2x2: 0 ppm 0/50 vs dose 1/50 (dose levels represented: {1000,3000})","Collapses 7 identical study combinations: Male rat – Nasal cavity – Adenosquamous carcinoma [neoplastic], 0 vs 3000 ppm: 0/50 vs 1/50 (increase) || Male rat – Nasal cavity – Carcinosarcoma [neoplastic], 0 vs 3000 ppm: 0/50 vs 1/50 (increase) || Male rat – Nasal cavity – Sarcoma NOS [neoplastic], 0 vs 3000 ppm: 0/50 vs 1/50 (increase) || Male rat – Larynx – Squamous cell carcinoma [neoplastic], 0 vs 3000 ppm: 0/50 vs 1/50 (increase) || Male rat – Nasal cavity – Adhesion: turbinate [non_neoplastic], 0 vs 1000 ppm: 0/50 vs 1/50 (increase) || Male rat – Lung – Inflammation with foreign body [non_neoplastic], 0 vs 1000 ppm: 0/50 vs 1/50 (increase) || Female rat – Nasal cavity – Squamous cell papilloma [neoplastic], 0 vs 3000 ppm: 0/50 vs 1/50 (increase)","Male rat – Nasal cavity – Adenosquamous carcinoma [neoplastic], 0 vs 3000 ppm: 0/50 vs 1/50 (increase) || Male rat – Nasal cavity – Carcinosarcoma [neoplastic], 0 vs 3000 ppm: 0/50 vs 1/50 (increase) || Male rat – Nasal cavity – Sarcoma NOS [neoplastic], 0 vs 3000 ppm: 0/50 vs 1/50 (increase) || Male rat – Larynx – Squamous cell carcinoma [neoplastic], 0 vs 3000 ppm: 0/50 vs 1/50 (increase) || Male rat – Nasal cavity – Adhesion: turbinate [non_neoplastic], 0 vs 1000 ppm: 0/50 vs 1/50 (increase) || Male rat – Lung – Inflammation with foreign body [non_neoplastic], 0 vs 1000 ppm: 0/50 vs 1/50 (increase) || Female rat – Nasal cavity – Squamous cell papilloma [neoplastic], 0 vs 3000 ppm: 0/50 vs 1/50 (increase)",7,"1000,3000",Male rat | Female rat,Nasal cavity | Larynx | Lung,Adenosquamous carcinoma | Carcinosarcoma | Sarcoma NOS | Squamous cell carcinoma | Adhesion: turbinate | Inflammation with foreign body | Squamous cell papilloma,"neoplastic, non_neoplastic","Furukawa et al. 2024, Table 1 (neoplastic lesions, male). || Furukawa et al. 2024, Table 2 (selected non-neoplastic lesions, male). || Furukawa et al. 2024, Table 1 (neoplastic lesions, female).",0,50,1,50,0,0.02,0.01,1,NA,45,NA,NA,0.8,0.05,500,100,100,2000,FALSE,TRUE,0.3,200
8,8,chisq,Observed unique 2x2: 0 ppm 0/50 vs dose 21/50 (dose levels represented: {3000}),"Male rat – Nasal cavity – Combined nasal tumors (B + C + D) [neoplastic], 0 vs 3000 ppm: 0/50 vs 21/50 (increase)","Male rat – Nasal cavity – Combined nasal tumors (B + C + D) [neoplastic], 0 vs 3000 ppm: 0/50 vs 21/50 (increase)",1,3000,Male rat,Nasal cavity,Combined nasal tumors (B + C + D),neoplastic,"Furukawa et al. 2024, Table 1 (neoplastic lesions, male).",0,50,21,50,0,0.42,0.21,4.127925738397583,50,50,0,0,0.8,0.05,500,100,100,2000,TRUE,TRUE,0.3,200
9,9,chisq,"Observed unique 2x2: 0 ppm 0/50 vs dose 22/50 (dose levels represented: {1000,3000})","Collapses 3 identical study combinations: Male rat – Nasal cavity – Squamous cell metaplasia: respiratory epithelium [non_neoplastic], 0 vs 1000 ppm: 0/50 vs 22/50 (increase) || Male rat – Eye – Keratitis [non_neoplastic], 0 vs 1000 ppm: 0/50 vs 22/50 (increase) || Male rat – Eye – Keratitis [non_neoplastic], 0 vs 3000 ppm: 0/50 vs 22/50 (increase)","Male rat – Nasal cavity – Squamous cell metaplasia: respiratory epithelium [non_neoplastic], 0 vs 1000 ppm: 0/50 vs 22/50 (increase) || Male rat – Eye – Keratitis [non_neoplastic], 0 vs 1000 ppm: 0/50 vs 22/50 (increase) || Male rat – Eye – Keratitis [non_neoplastic], 0 vs 3000 ppm: 0/50 vs 22/50 (increase)",3,"1000,3000",Male rat,Nasal cavity | Eye,Squamous cell metaplasia: respiratory epithelium | Keratitis,non_neoplastic,"Furukawa et al. 2024, Table 2 (selected non-neoplastic lesions, male).",0,50,22,50,0,0.44,0.22,4.220840778110655,47,47,0,0,0.8,0.05,500,100,100,2000,TRUE,TRUE,0.3,200
10,10,chisq,Observed unique 2x2: 0 ppm 0/50 vs dose 28/50 (dose levels represented: {1000}),"Female rat – Nasal cavity – Squamous cell metaplasia: respiratory epithelium [non_neoplastic], 0 vs 1000 ppm: 0/50 vs 28/50 (increase)","Female rat – Nasal cavity – Squamous cell metaplasia: respiratory epithelium [non_neoplastic], 0 vs 1000 ppm: 0/50 vs 28/50 (increase)",1,1000,Female rat,Nasal cavity,Squamous cell metaplasia: respiratory epithelium,non_neoplastic,"Furukawa et al. 2024, Table 2 (selected non-neoplastic lesions, female).",0,50,28,50,0,0.56,0.28,4.84814659967479,39,39,0,0,0.8,0.05,500,100,100,2000,TRUE,TRUE,0.3,200
11,11,chisq,"Observed unique 2x2: 0 ppm 0/50 vs dose 2/50 (dose levels represented: {300,1000,3000})","Collapses 6 identical study combinations: Male rat – Trachea – Squamous cell hyperplasia [non_neoplastic], 0 vs 3000 ppm: 0/50 vs 2/50 (increase) || Male rat – Eye – Degeneration: cornea [non_neoplastic], 0 vs 1000 ppm: 0/50 vs 2/50 (increase) || Female rat – Nasal cavity – Squamous cell metaplasia: respiratory epithelium [non_neoplastic], 0 vs 300 ppm: 0/50 vs 2/50 (increase) || Female rat – Nasal cavity – Hyperplasia: transitional epithelium [non_neoplastic], 0 vs 3000 ppm: 0/50 vs 2/50 (increase) || Female rat – Nasal cavity – Atrophy: olfactory epithelium [non_neoplastic], 0 vs 300 ppm: 0/50 vs 2/50 (increase) || Female rat – Trachea – Squamous cell hyperplasia [non_neoplastic], 0 vs 3000 ppm: 0/50 vs 2/50 (increase)","Male rat – Trachea – Squamous cell hyperplasia [non_neoplastic], 0 vs 3000 ppm: 0/50 vs 2/50 (increase) || Male rat – Eye – Degeneration: cornea [non_neoplastic], 0 vs 1000 ppm: 0/50 vs 2/50 (increase) || Female rat – Nasal cavity – Squamous cell metaplasia: respiratory epithelium [non_neoplastic], 0 vs 300 ppm: 0/50 vs 2/50 (increase) || Female rat – Nasal cavity – Hyperplasia: transitional epithelium [non_neoplastic], 0 vs 3000 ppm: 0/50 vs 2/50 (increase) || Female rat – Nasal cavity – Atrophy: olfactory epithelium [non_neoplastic], 0 vs 300 ppm: 0/50 vs 2/50 (increase) || Female rat – Trachea – Squamous cell hyperplasia [non_neoplastic], 0 vs 3000 ppm: 0/50 vs 2/50 (increase)",6,"300,1000,3000",Male rat | Female rat,Trachea | Eye | Nasal cavity,Squamous cell hyperplasia | Degeneration: cornea | Squamous cell metaplasia: respiratory epithelium | Hyperplasia: transitional epithelium | Atrophy: olfactory epithelium,non_neoplastic,"Furukawa et al. 2024, Table 2 (selected non-neoplastic lesions, male). || Furukawa et al. 2024, Table 2 (selected non-neoplastic lesions, female).",0,50,2,50,0,0.04,0.02,1,NA,NA,NA,NA,0.8,0.05,500,100,100,2000,FALSE,FALSE,0.3,200
12,12,chisq,Observed unique 2x2: 0 ppm 0/50 vs dose 30/50 (dose levels represented: {3000}),"Male rat – Nasal cavity – Squamous cell hyperplasia: respiratory epithelium [non_neoplastic], 0 vs 3000 ppm: 0/50 vs 30/50 (increase)","Male rat – Nasal cavity – Squamous cell hyperplasia: respiratory epithelium [non_neoplastic], 0 vs 3000 ppm: 0/50 vs 30/50 (increase)",1,3000,Male rat,Nasal cavity,Squamous cell hyperplasia: respiratory epithelium,non_neoplastic,"Furukawa et al. 2024, Table 2 (selected non-neoplastic lesions, male).",0,50,30,50,0,0.6,0.3,5.09506397880084,35,35,0,0,0.8,0.05,500,100,100,2000,TRUE,TRUE,0.3,200
13,13,chisq,Observed unique 2x2: 0 ppm 0/50 vs dose 32/50 (dose levels represented: {1000}),"Male rat – Nasal cavity – Basal cell hyperplasia: olfactory epithelium [non_neoplastic], 0 vs 1000 ppm: 0/50 vs 32/50 (increase)","Male rat – Nasal cavity – Basal cell hyperplasia: olfactory epithelium [non_neoplastic], 0 vs 1000 ppm: 0/50 vs 32/50 (increase)",1,1000,Male rat,Nasal cavity,Basal cell hyperplasia: olfactory epithelium,non_neoplastic,"Furukawa et al. 2024, Table 2 (selected non-neoplastic lesions, male).",0,50,32,50,0,0.64,0.32,5.368321191499697,32,32,0,0,0.8,0.05,500,100,100,2000,TRUE,TRUE,0.3,200
14,14,chisq,"Observed unique 2x2: 0 ppm 0/50 vs dose 35/50 (dose levels represented: {1000,3000})","Collapses 2 identical study combinations: Male rat – Nasal cavity – Rhinitis [non_neoplastic], 0 vs 1000 ppm: 0/50 vs 35/50 (increase) || Male rat – Nasal cavity – Basal cell hyperplasia: olfactory epithelium [non_neoplastic], 0 vs 3000 ppm: 0/50 vs 35/50 (increase)","Male rat – Nasal cavity – Rhinitis [non_neoplastic], 0 vs 1000 ppm: 0/50 vs 35/50 (increase) || Male rat – Nasal cavity – Basal cell hyperplasia: olfactory epithelium [non_neoplastic], 0 vs 3000 ppm: 0/50 vs 35/50 (increase)",2,"1000,3000",Male rat,Nasal cavity,Rhinitis | Basal cell hyperplasia: olfactory epithelium,non_neoplastic,"Furukawa et al. 2024, Table 2 (selected non-neoplastic lesions, male).",0,50,35,50,0,0.7,0.35,5.840700134658011,32,32,0,0,0.8,0.05,500,100,100,2000,TRUE,TRUE,0.3,200
15,15,chisq,Observed unique 2x2: 0 ppm 0/50 vs dose 36/50 (dose levels represented: {3000}),"Female rat – Nasal cavity – Basal cell hyperplasia: olfactory epithelium [non_neoplastic], 0 vs 3000 ppm: 0/50 vs 36/50 (increase)","Female rat – Nasal cavity – Basal cell hyperplasia: olfactory epithelium [non_neoplastic], 0 vs 3000 ppm: 0/50 vs 36/50 (increase)",1,3000,Female rat,Nasal cavity,Basal cell hyperplasia: olfactory epithelium,non_neoplastic,"Furukawa et al. 2024, Table 2 (selected non-neoplastic lesions, female).",0,50,36,50,0,0.72,0.36,6.018572758464735,25,25,0,0,0.8,0.05,500,100,100,2000,TRUE,TRUE,0.3,200
16,16,chisq,Observed unique 2x2: 0 ppm 0/50 vs dose 39/50 (dose levels represented: {3000}),"Collapses 2 identical study combinations: Male rat – Nasal cavity – Atrophy: olfactory epithelium [non_neoplastic], 0 vs 3000 ppm: 0/50 vs 39/50 (increase) || Female rat – Nasal cavity – Atrophy: olfactory epithelium [non_neoplastic], 0 vs 3000 ppm: 0/50 vs 39/50 (increase)","Male rat – Nasal cavity – Atrophy: olfactory epithelium [non_neoplastic], 0 vs 3000 ppm: 0/50 vs 39/50 (increase) || Female rat – Nasal cavity – Atrophy: olfactory epithelium [non_neoplastic], 0 vs 3000 ppm: 0/50 vs 39/50 (increase)",2,3000,Male rat | Female rat,Nasal cavity,Atrophy: olfactory epithelium,non_neoplastic,"Furukawa et al. 2024, Table 2 (selected non-neoplastic lesions, male). || Furukawa et al. 2024, Table 2 (selected non-neoplastic lesions, female).",0,50,39,50,0,0.78,0.39,6.630879644979998,19,19,0,0,0.8,0.05,500,100,100,2000,TRUE,TRUE,0.3,200
17,17,chisq,"Observed unique 2x2: 0 ppm 0/50 vs dose 3/50 (dose levels represented: {300,1000,3000})","Collapses 4 identical study combinations: Male rat – Nasal cavity – Squamous cell metaplasia: respiratory epithelium [non_neoplastic], 0 vs 300 ppm: 0/50 vs 3/50 (increase) || Female rat – Nasal cavity – Basal cell hyperplasia: olfactory epithelium [non_neoplastic], 0 vs 1000 ppm: 0/50 vs 3/50 (increase) || Female rat – Trachea – Squamous cell metaplasia [non_neoplastic], 0 vs 3000 ppm: 0/50 vs 3/50 (increase) || Female rat – Lung – Inflammation with foreign body [non_neoplastic], 0 vs 3000 ppm: 0/50 vs 3/50 (increase)","Male rat – Nasal cavity – Squamous cell metaplasia: respiratory epithelium [non_neoplastic], 0 vs 300 ppm: 0/50 vs 3/50 (increase) || Female rat – Nasal cavity – Basal cell hyperplasia: olfactory epithelium [non_neoplastic], 0 vs 1000 ppm: 0/50 vs 3/50 (increase) || Female rat – Trachea – Squamous cell metaplasia [non_neoplastic], 0 vs 3000 ppm: 0/50 vs 3/50 (increase) || Female rat – Lung – Inflammation with foreign body [non_neoplastic], 0 vs 3000 ppm: 0/50 vs 3/50 (increase)",4,"300,1000,3000",Male rat | Female rat,Nasal cavity | Trachea | Lung,Squamous cell metaplasia: respiratory epithelium | Basal cell hyperplasia: olfactory epithelium | Squamous cell metaplasia | Inflammation with foreign body,non_neoplastic,"Furukawa et al. 2024, Table 2 (selected non-neoplastic lesions, male). || Furukawa et al. 2024, Table 2 (selected non-neoplastic lesions, female).",0,50,3,50,0,0.06,0.03,1,NA,NA,NA,NA,0.8,0.05,500,100,100,2000,FALSE,FALSE,0.3,200
18,18,chisq,Observed unique 2x2: 0 ppm 0/50 vs dose 43/50 (dose levels represented: {1000}),"Male rat – Nasal cavity – Atrophy: olfactory epithelium [non_neoplastic], 0 vs 1000 ppm: 0/50 vs 43/50 (increase)","Male rat – Nasal cavity – Atrophy: olfactory epithelium [non_neoplastic], 0 vs 1000 ppm: 0/50 vs 43/50 (increase)",1,1000,Male rat,Nasal cavity,Atrophy: olfactory epithelium,non_neoplastic,"Furukawa et al. 2024, Table 2 (selected non-neoplastic lesions, male).",0,50,43,50,0,0.86,0.43,7.7003040578124615,20,20,0,0,0.8,0.05,500,100,100,2000,TRUE,TRUE,0.3,200
19,19,chisq,Observed unique 2x2: 0 ppm 0/50 vs dose 44/50 (dose levels represented: {1000}),"Female rat – Nasal cavity – Atrophy: olfactory epithelium [non_neoplastic], 0 vs 1000 ppm: 0/50 vs 44/50 (increase)","Female rat – Nasal cavity – Atrophy: olfactory epithelium [non_neoplastic], 0 vs 1000 ppm: 0/50 vs 44/50 (increase)",1,1000,Female rat,Nasal cavity,Atrophy: olfactory epithelium,non_neoplastic,"Furukawa et al. 2024, Table 2 (selected non-neoplastic lesions, female).",0,50,44,50,0,0.88,0.44,8.030545224044262,17,17,0,0,0.8,0.05,500,100,100,2000,TRUE,TRUE,0.3,200
20,20,chisq,Observed unique 2x2: 0 ppm 0/50 vs dose 47/50 (dose levels represented: {3000}),"Female rat – Nasal cavity – Rhinitis [non_neoplastic], 0 vs 3000 ppm: 0/50 vs 47/50 (increase)","Female rat – Nasal cavity – Rhinitis [non_neoplastic], 0 vs 3000 ppm: 0/50 vs 47/50 (increase)",1,3000,Female rat,Nasal cavity,Rhinitis,non_neoplastic,"Furukawa et al. 2024, Table 2 (selected non-neoplastic lesions, female).",0,50,47,50,0,0.94,0.47,9.240901902114963,16,16,0,0,0.8,0.05,500,100,100,2000,TRUE,TRUE,0.3,200
21,21,chisq,Observed unique 2x2: 0 ppm 0/50 vs dose 48/50 (dose levels represented: {3000}),"Female rat – Nasal cavity – Squamous cell metaplasia: respiratory epithelium [non_neoplastic], 0 vs 3000 ppm: 0/50 vs 48/50 (increase)","Female rat – Nasal cavity – Squamous cell metaplasia: respiratory epithelium [non_neoplastic], 0 vs 3000 ppm: 0/50 vs 48/50 (increase)",1,3000,Female rat,Nasal cavity,Squamous cell metaplasia: respiratory epithelium,non_neoplastic,"Furukawa et al. 2024, Table 2 (selected non-neoplastic lesions, female).",0,50,48,50,0,0.96,0.48,9.739577736242207,16,16,0,0,0.8,0.05,500,100,100,2000,TRUE,TRUE,0.3,200
22,22,chisq,Observed unique 2x2: 0 ppm 0/50 vs dose 49/50 (dose levels represented: {3000}),"Collapses 2 identical study combinations: Male rat – Nasal cavity – Squamous cell metaplasia: respiratory epithelium [non_neoplastic], 0 vs 3000 ppm: 0/50 vs 49/50 (increase) || Male rat – Nasal cavity – Rhinitis [non_neoplastic], 0 vs 3000 ppm: 0/50 vs 49/50 (increase)","Male rat – Nasal cavity – Squamous cell metaplasia: respiratory epithelium [non_neoplastic], 0 vs 3000 ppm: 0/50 vs 49/50 (increase) || Male rat – Nasal cavity – Rhinitis [non_neoplastic], 0 vs 3000 ppm: 0/50 vs 49/50 (increase)",2,3000,Male rat,Nasal cavity,Squamous cell metaplasia: respiratory epithelium | Rhinitis,non_neoplastic,"Furukawa et al. 2024, Table 2 (selected non-neoplastic lesions, male).",0,50,49,50,0,0.98,0.49,10.301079778562938,15,15,0,0,0.8,0.05,500,100,100,2000,TRUE,TRUE,0.3,200
23,23,chisq,Observed unique 2x2: 0 ppm 0/50 vs dose 6/50 (dose levels represented: {300}),"Male rat – Eye – Keratitis [non_neoplastic], 0 vs 300 ppm: 0/50 vs 6/50 (increase)","Male rat – Eye – Keratitis [non_neoplastic], 0 vs 300 ppm: 0/50 vs 6/50 (increase)",1,300,Male rat,Eye,Keratitis,non_neoplastic,"Furukawa et al. 2024, Table 2 (selected non-neoplastic lesions, male).",0,50,6,50,0,0.12,0.06,2.4880783989127893,380,380,0,0,0.8,0.05,500,100,100,2000,TRUE,TRUE,0.3,200
24,24,chisq,Observed unique 2x2: 0 ppm 0/50 vs dose 8/50 (dose levels represented: {3000}),"Collapses 2 identical study combinations: Female rat – Nasal cavity – Squamous cell carcinoma [neoplastic], 0 vs 3000 ppm: 0/50 vs 8/50 (increase) || Female rat – Larynx – Squamous cell hyperplasia [non_neoplastic], 0 vs 3000 ppm: 0/50 vs 8/50 (increase)","Female rat – Nasal cavity – Squamous cell carcinoma [neoplastic], 0 vs 3000 ppm: 0/50 vs 8/50 (increase) || Female rat – Larynx – Squamous cell hyperplasia [non_neoplastic], 0 vs 3000 ppm: 0/50 vs 8/50 (increase)",2,3000,Female rat,Nasal cavity | Larynx,Squamous cell carcinoma | Squamous cell hyperplasia,"neoplastic, non_neoplastic","Furukawa et al. 2024, Table 1 (neoplastic lesions, female). || Furukawa et al. 2024, Table 2 (selected non-neoplastic lesions, female).",0,50,8,50,0,0.16,0.08,2.855723880679411,235,235,0,0,0.8,0.05,500,100,100,2000,TRUE,TRUE,0.3,200
25,25,chisq,Observed unique 2x2: 0 ppm 0/50 vs dose 9/50 (dose levels represented: {3000}),"Collapses 2 identical study combinations: Female rat – Nasal cavity – Combined nasal tumors (A + B) [neoplastic], 0 vs 3000 ppm: 0/50 vs 9/50 (increase) || Female rat – Nasal cavity – Adhesion: turbinate [non_neoplastic], 0 vs 3000 ppm: 0/50 vs 9/50 (increase)","Female rat – Nasal cavity – Combined nasal tumors (A + B) [neoplastic], 0 vs 3000 ppm: 0/50 vs 9/50 (increase) || Female rat – Nasal cavity – Adhesion: turbinate [non_neoplastic], 0 vs 3000 ppm: 0/50 vs 9/50 (increase)",2,3000,Female rat,Nasal cavity,Combined nasal tumors (A + B) | Adhesion: turbinate,"neoplastic, non_neoplastic","Furukawa et al. 2024, Table 1 (neoplastic lesions, female). || Furukawa et al. 2024, Table 2 (selected non-neoplastic lesions, female).",0,50,9,50,0,0.18,0.09,2.993202980050429,182,182,0,0,0.8,0.05,500,100,100,2000,TRUE,TRUE,0.3,200
26,26,chisq,Observed unique 2x2: 0 ppm 1/50 vs dose 11/50 (dose levels represented: {3000}),"Female rat – Lung – Edema [non_neoplastic], 0 vs 3000 ppm: 1/50 vs 11/50 (increase)","Female rat – Lung – Edema [non_neoplastic], 0 vs 3000 ppm: 1/50 vs 11/50 (increase)",1,3000,Female rat,Lung,Edema,non_neoplastic,"Furukawa et al. 2024, Table 2 (selected non-neoplastic lesions, female).",1,50,11,50,0.02,0.22,0.12,2.4430602437188473,192,192,0,0,0.8,0.05,500,100,100,2000,TRUE,TRUE,0.3,200
27,27,chisq,"Observed unique 2x2: 0 ppm 1/50 vs dose 12/50 (dose levels represented: {300,1000})","Collapses 2 identical study combinations: Female rat – Eye – Keratitis [non_neoplastic], 0 vs 300 ppm: 1/50 vs 12/50 (increase) || Female rat – Eye – Keratitis [non_neoplastic], 0 vs 1000 ppm: 1/50 vs 12/50 (increase)","Female rat – Eye – Keratitis [non_neoplastic], 0 vs 300 ppm: 1/50 vs 12/50 (increase) || Female rat – Eye – Keratitis [non_neoplastic], 0 vs 1000 ppm: 1/50 vs 12/50 (increase)",2,"300,1000",Female rat,Eye,Keratitis,non_neoplastic,"Furukawa et al. 2024, Table 2 (selected non-neoplastic lesions, female).",1,50,12,50,0.02,0.24,0.13,2.576610396420589,160,160,0,0,0.8,0.05,500,100,100,2000,TRUE,TRUE,0.3,200
28,28,chisq,"Observed unique 2x2: 0 ppm 1/50 vs dose 1/50 (dose levels represented: {300,1000,3000})","Collapses 4 identical study combinations: Male rat – Lung – Edema [non_neoplastic], 0 vs 300 ppm: 1/50 vs 1/50 (same) || Male rat – Lung – Edema [non_neoplastic], 0 vs 1000 ppm: 1/50 vs 1/50 (same) || Male rat – Lung – Edema [non_neoplastic], 0 vs 3000 ppm: 1/50 vs 1/50 (same) || Female rat – Lung – Edema [non_neoplastic], 0 vs 300 ppm: 1/50 vs 1/50 (same)","Male rat – Lung – Edema [non_neoplastic], 0 vs 300 ppm: 1/50 vs 1/50 (same) || Male rat – Lung – Edema [non_neoplastic], 0 vs 1000 ppm: 1/50 vs 1/50 (same) || Male rat – Lung – Edema [non_neoplastic], 0 vs 3000 ppm: 1/50 vs 1/50 (same) || Female rat – Lung – Edema [non_neoplastic], 0 vs 300 ppm: 1/50 vs 1/50 (same)",4,"300,1000,3000",Male rat | Female rat,Lung,Edema,non_neoplastic,"Furukawa et al. 2024, Table 2 (selected non-neoplastic lesions, male). || Furukawa et al. 2024, Table 2 (selected non-neoplastic lesions, female).",1,50,1,50,0.02,0.02,0.02,1,NA,NA,NA,NA,0.8,0.05,500,100,100,2000,FALSE,FALSE,0.3,200
29,29,chisq,Observed unique 2x2: 0 ppm 1/50 vs dose 2/50 (dose levels represented: {1000}),"Female rat – Lung – Edema [non_neoplastic], 0 vs 1000 ppm: 1/50 vs 2/50 (increase)","Female rat – Lung – Edema [non_neoplastic], 0 vs 1000 ppm: 1/50 vs 2/50 (increase)",1,1000,Female rat,Lung,Edema,non_neoplastic,"Furukawa et al. 2024, Table 2 (selected non-neoplastic lesions, female).",1,50,2,50,0.02,0.04,0.03,1,NA,NA,NA,NA,0.8,0.05,500,100,100,2000,FALSE,FALSE,0.3,200
30,30,chisq,Observed unique 2x2: 0 ppm 1/50 vs dose 5/50 (dose levels represented: {3000}),"Female rat – Eye – Keratitis [non_neoplastic], 0 vs 3000 ppm: 1/50 vs 5/50 (increase)","Female rat – Eye – Keratitis [non_neoplastic], 0 vs 3000 ppm: 1/50 vs 5/50 (increase)",1,3000,Female rat,Eye,Keratitis,non_neoplastic,"Furukawa et al. 2024, Table 2 (selected non-neoplastic lesions, female).",1,50,5,50,0.02,0.1,0.06,1,NA,NA,NA,NA,0.8,0.05,500,100,100,2000,FALSE,FALSE,0.3,200
31,31,chisq,Observed unique 2x2: 0 ppm 32/50 vs dose 31/50 (dose levels represented: {3000}),"Male rat – Whole animal – Terminal survival (alive at end of study) [survival], 0 vs 3000 ppm: 32/50 vs 31/50 (decrease)","Male rat – Whole animal – Terminal survival (alive at end of study) [survival], 0 vs 3000 ppm: 32/50 vs 31/50 (decrease)",1,3000,Male rat,Whole animal,Terminal survival (alive at end of study),survival,"Furukawa et al. 2024, Results text (terminal survival counts, male).",32,50,31,50,0.64,0.62,0.63,1,NA,NA,NA,NA,0.8,0.05,500,100,100,2000,FALSE,FALSE,0.3,200
32,32,chisq,Observed unique 2x2: 0 ppm 32/50 vs dose 34/50 (dose levels represented: {1000}),"Male rat – Whole animal – Terminal survival (alive at end of study) [survival], 0 vs 1000 ppm: 32/50 vs 34/50 (increase)","Male rat – Whole animal – Terminal survival (alive at end of study) [survival], 0 vs 1000 ppm: 32/50 vs 34/50 (increase)",1,1000,Male rat,Whole animal,Terminal survival (alive at end of study),survival,"Furukawa et al. 2024, Results text (terminal survival counts, male).",32,50,34,50,0.64,0.68,0.66,1,NA,NA,NA,NA,0.8,0.05,500,100,100,2000,FALSE,FALSE,0.3,200
33,33,chisq,Observed unique 2x2: 0 ppm 32/50 vs dose 36/50 (dose levels represented: {300}),"Male rat – Whole animal – Terminal survival (alive at end of study) [survival], 0 vs 300 ppm: 32/50 vs 36/50 (increase)","Male rat – Whole animal – Terminal survival (alive at end of study) [survival], 0 vs 300 ppm: 32/50 vs 36/50 (increase)",1,300,Male rat,Whole animal,Terminal survival (alive at end of study),survival,"Furukawa et al. 2024, Results text (terminal survival counts, male).",32,50,36,50,0.64,0.72,0.68,1,NA,NA,NA,NA,0.8,0.05,500,100,100,2000,FALSE,FALSE,0.3,200
34,34,chisq,Observed unique 2x2: 0 ppm 33/50 vs dose 22/50 (dose levels represented: {3000}),"Female rat – Whole animal – Terminal survival (alive at end of study) [survival], 0 vs 3000 ppm: 33/50 vs 22/50 (decrease)","Female rat – Whole animal – Terminal survival (alive at end of study) [survival], 0 vs 3000 ppm: 33/50 vs 22/50 (decrease)",1,3000,Female rat,Whole animal,Terminal survival (alive at end of study),survival,"Furukawa et al. 2024, Results text (terminal survival counts, female).",33,50,22,50,0.66,0.44,0.55,0.7628096911585996,810,810,0,0,0.8,0.05,500,100,100,2000,TRUE,TRUE,0.3,200
35,35,chisq,Observed unique 2x2: 0 ppm 33/50 vs dose 38/50 (dose levels represented: {1000}),"Female rat – Whole animal – Terminal survival (alive at end of study) [survival], 0 vs 1000 ppm: 33/50 vs 38/50 (increase)","Female rat – Whole animal – Terminal survival (alive at end of study) [survival], 0 vs 1000 ppm: 33/50 vs 38/50 (increase)",1,1000,Female rat,Whole animal,Terminal survival (alive at end of study),survival,"Furukawa et al. 2024, Results text (terminal survival counts, female).",33,50,38,50,0.66,0.76,0.71,1,NA,NA,NA,NA,0.8,0.05,500,100,100,2000,FALSE,FALSE,0.3,200
36,36,chisq,Observed unique 2x2: 0 ppm 33/50 vs dose 39/50 (dose levels represented: {300}),"Female rat – Whole animal – Terminal survival (alive at end of study) [survival], 0 vs 300 ppm: 33/50 vs 39/50 (increase)","Female rat – Whole animal – Terminal survival (alive at end of study) [survival], 0 vs 300 ppm: 33/50 vs 39/50 (increase)",1,300,Female rat,Whole animal,Terminal survival (alive at end of study),survival,"Furukawa et al. 2024, Results text (terminal survival counts, female).",33,50,39,50,0.66,0.78,0.72,1,NA,NA,NA,NA,0.8,0.05,500,100,100,2000,FALSE,FALSE,0.3,200
37,37,chisq,Observed unique 2x2: 0 ppm 5/50 vs dose 0/50 (dose levels represented: {3000}),"Female rat – Eye – Degeneration: cornea [non_neoplastic], 0 vs 3000 ppm: 5/50 vs 0/50 (decrease)","Female rat – Eye – Degeneration: cornea [non_neoplastic], 0 vs 3000 ppm: 5/50 vs 0/50 (decrease)",1,3000,Female rat,Eye,Degeneration: cornea,non_neoplastic,"Furukawa et al. 2024, Table 2 (selected non-neoplastic lesions, female).",5,50,0,50,0.1,0,0.05,0.45204565307827055,495,495,0,0,0.8,0.05,500,100,100,2000,TRUE,TRUE,0.3,200
38,38,chisq,Observed unique 2x2: 0 ppm 5/50 vs dose 11/50 (dose levels represented: {1000}),"Female rat – Eye – Degeneration: cornea [non_neoplastic], 0 vs 1000 ppm: 5/50 vs 11/50 (increase)","Female rat – Eye – Degeneration: cornea [non_neoplastic], 0 vs 1000 ppm: 5/50 vs 11/50 (increase)",1,1000,Female rat,Eye,Degeneration: cornea,non_neoplastic,"Furukawa et al. 2024, Table 2 (selected non-neoplastic lesions, female).",5,50,11,50,0.1,0.22,0.16,1,NA,NA,NA,NA,0.8,0.05,500,100,100,2000,FALSE,FALSE,0.3,200
39,39,chisq,Observed unique 2x2: 0 ppm 5/50 vs dose 16/50 (dose levels represented: {300}),"Female rat – Eye – Degeneration: cornea [non_neoplastic], 0 vs 300 ppm: 5/50 vs 16/50 (increase)","Female rat – Eye – Degeneration: cornea [non_neoplastic], 0 vs 300 ppm: 5/50 vs 16/50 (increase)",1,300,Female rat,Eye,Degeneration: cornea,non_neoplastic,"Furukawa et al. 2024, Table 2 (selected non-neoplastic lesions, female).",5,50,16,50,0.1,0.32,0.21,1.7206406546190014,325,325,0,0,0.8,0.05,500,100,100,2000,TRUE,TRUE,0.3,200
